2025-05-15 10:53:55,365 - INFO - Starting application
2025-05-15 10:53:55,445 - INFO - Initializing main menu
2025-05-15 10:54:04,657 - INFO - Starting game - Mode: Оффлайн игра, Board size: 3, Player: Alex1
2025-05-15 10:54:04,657 - INFO - Starting offline game with players: Alex1 vs Alex2
2025-05-15 10:54:04,657 - INFO - Initializing game window - Mode: offline, Board size: 3
2025-05-15 10:54:10,148 - INFO - Making move - row: 0, col: 0, player: X
2025-05-15 10:54:10,149 - INFO - Turn switched to O
2025-05-15 10:54:11,469 - INFO - Making move - row: 1, col: 1, player: O
2025-05-15 10:54:11,470 - INFO - Turn switched to X
2025-05-15 10:54:12,390 - INFO - Making move - row: 2, col: 1, player: X
2025-05-15 10:54:12,390 - INFO - Turn switched to O
2025-05-15 10:54:12,815 - INFO - Making move - row: 2, col: 0, player: O
2025-05-15 10:54:12,815 - INFO - Turn switched to X
2025-05-15 10:54:13,272 - INFO - Making move - row: 0, col: 1, player: X
2025-05-15 10:54:13,272 - INFO - Turn switched to O
2025-05-15 10:54:13,728 - INFO - Making move - row: 1, col: 2, player: O
2025-05-15 10:54:13,728 - INFO - Turn switched to X
2025-05-15 10:54:14,106 - INFO - Making move - row: 2, col: 2, player: X
2025-05-15 10:54:14,107 - INFO - Turn switched to O
2025-05-15 10:54:14,740 - INFO - Making move - row: 0, col: 2, player: O
2025-05-15 10:54:14,741 - INFO - Game won by O
2025-05-15 10:54:19,979 - INFO - Making move - row: 1, col: 0, player: O
2025-05-15 10:54:19,979 - INFO - Turn switched to X
2025-05-15 10:54:20,387 - INFO - Making move - row: 2, col: 1, player: X
2025-05-15 10:54:20,387 - INFO - Turn switched to O
2025-05-15 10:54:20,930 - INFO - Making move - row: 0, col: 1, player: O
2025-05-15 10:54:20,931 - INFO - Turn switched to X
2025-05-15 10:54:21,356 - INFO - Making move - row: 1, col: 1, player: X
2025-05-15 10:54:21,356 - INFO - Turn switched to O
2025-05-15 10:54:21,980 - INFO - Making move - row: 2, col: 0, player: O
2025-05-15 10:54:21,981 - INFO - Turn switched to X
2025-05-15 10:54:22,524 - INFO - Making move - row: 0, col: 2, player: X
2025-05-15 10:54:22,525 - INFO - Turn switched to O
2025-05-15 10:54:23,133 - INFO - Making move - row: 2, col: 2, player: O
2025-05-15 10:54:23,133 - INFO - Turn switched to X
2025-05-15 10:54:23,543 - INFO - Making move - row: 1, col: 2, player: X
2025-05-15 10:54:23,544 - INFO - Turn switched to O
2025-05-15 10:54:24,127 - INFO - Making move - row: 0, col: 0, player: O
2025-05-15 10:54:24,128 - INFO - Game won by O
2025-05-15 10:54:27,043 - INFO - Making move - row: 1, col: 0, player: X
2025-05-15 10:54:27,043 - INFO - Turn switched to O
2025-05-15 10:54:27,581 - INFO - Making move - row: 1, col: 1, player: O
2025-05-15 10:54:27,581 - INFO - Turn switched to X
2025-05-15 10:54:27,949 - INFO - Making move - row: 0, col: 0, player: X
2025-05-15 10:54:27,950 - INFO - Turn switched to O
2025-05-15 10:54:28,325 - INFO - Making move - row: 2, col: 1, player: O
2025-05-15 10:54:28,326 - INFO - Turn switched to X
2025-05-15 10:54:28,589 - INFO - Making move - row: 2, col: 0, player: X
2025-05-15 10:54:28,589 - INFO - Game won by X
2025-05-15 10:54:30,843 - INFO - Initializing main menu
2025-05-15 10:54:30,886 - INFO - Closing game window
2025-05-15 10:54:40,482 - INFO - Starting game - Mode: Онлайн - хост, Board size: 3, Player: Alex1
2025-05-15 10:54:40,483 - INFO - Starting online game as host
2025-05-15 10:54:40,495 - INFO - Initializing game window - Mode: host, Board size: 3
2025-05-15 10:54:40,503 - INFO - Initializing client with URI: ws://localhost:8765
2025-05-15 10:54:40,504 - INFO - GameClient initialized with URI: ws://localhost:8765
2025-05-15 10:54:50,961 - INFO - Starting application
2025-05-15 10:54:51,038 - INFO - Initializing main menu
2025-05-15 10:55:08,141 - INFO - Starting game - Mode: Онлайн - клиент, Board size: 3, Player: Alex2
2025-05-15 10:55:08,141 - INFO - Starting online game as client
2025-05-15 10:55:35,444 - INFO - Starting game - Mode: Онлайн - клиент, Board size: 3, Player: Alex2
2025-05-15 10:55:35,444 - INFO - Starting online game as client
2025-05-15 10:55:35,445 - ERROR - Error starting game: 
2025-05-15 10:55:35,448 - ERROR - Traceback (most recent call last):
  File "C:\Users\Alex\Desktop\Tic-Tac-Toe\main.py", line 277, in start_game
    asyncio.create_task(try_connect())
  File "C:\Users\Alex\anaconda3\Lib\asyncio\tasks.py", line 384, in create_task
    task = loop.create_task(coro)
           ^^^^^^^^^^^^^^^^^^^^^^
  File "C:\Users\Alex\anaconda3\Lib\asyncio\base_events.py", line 437, in create_task
    task = tasks.Task(coro, loop=self, name=name, context=context)
           ^^^^^^^^^^^^^^^^^^^^^^^^^^^^^^^^^^^^^^^^^^^^^^^^^^^^^^^
  File "C:\Users\Alex\anaconda3\Lib\site-packages\qasync\__init__.py", line 481, in call_soon
    return self.call_later(0, callback, *args, context=context)
           ^^^^^^^^^^^^^^^^^^^^^^^^^^^^^^^^^^^^^^^^^^^^^^^^^^^^
  File "C:\Users\Alex\anaconda3\Lib\site-packages\qasync\__init__.py", line 471, in call_later
    return self._add_callback(
           ^^^^^^^^^^^^^^^^^^^
  File "C:\Users\Alex\anaconda3\Lib\site-packages\qasync\__init__.py", line 477, in _add_callback
    return self._timer.add_callback(handle, delay)
           ^^^^^^^^^^^^^^^^^^^^^^^^^^^^^^^^^^^^^^^
  File "C:\Users\Alex\anaconda3\Lib\site-packages\qasync\__init__.py", line 257, in add_callback
    assert timerid not in self.__callbacks
           ^^^^^^^^^^^^^^^^^^^^^^^^^^^^^^^
AssertionError

2025-05-15 10:55:41,043 - ERROR - Task was destroyed but it is pending!
task: <Task pending name='Task-2' coro=<MainMenu.start_game.<locals>.try_connect() running at C:\Users\Alex\Desktop\Tic-Tac-Toe\main.py:244>>
2025-05-15 10:55:45,520 - INFO - Closing game window
2025-05-15 10:55:45,520 - INFO - Closing client connection
2025-05-15 10:55:45,521 - ERROR - Error closing window: 
2025-05-15 10:55:45,525 - ERROR - Traceback (most recent call last):
  File "C:\Users\Alex\Desktop\Tic-Tac-Toe\main.py", line 605, in closeEvent
    asyncio.create_task(self.client.close())
  File "C:\Users\Alex\anaconda3\Lib\asyncio\tasks.py", line 384, in create_task
    task = loop.create_task(coro)
           ^^^^^^^^^^^^^^^^^^^^^^
  File "C:\Users\Alex\anaconda3\Lib\asyncio\base_events.py", line 437, in create_task
    task = tasks.Task(coro, loop=self, name=name, context=context)
           ^^^^^^^^^^^^^^^^^^^^^^^^^^^^^^^^^^^^^^^^^^^^^^^^^^^^^^^
  File "C:\Users\Alex\anaconda3\Lib\site-packages\qasync\__init__.py", line 481, in call_soon
    return self.call_later(0, callback, *args, context=context)
           ^^^^^^^^^^^^^^^^^^^^^^^^^^^^^^^^^^^^^^^^^^^^^^^^^^^^
  File "C:\Users\Alex\anaconda3\Lib\site-packages\qasync\__init__.py", line 471, in call_later
    return self._add_callback(
           ^^^^^^^^^^^^^^^^^^^
  File "C:\Users\Alex\anaconda3\Lib\site-packages\qasync\__init__.py", line 477, in _add_callback
    return self._timer.add_callback(handle, delay)
           ^^^^^^^^^^^^^^^^^^^^^^^^^^^^^^^^^^^^^^^
  File "C:\Users\Alex\anaconda3\Lib\site-packages\qasync\__init__.py", line 257, in add_callback
    assert timerid not in self.__callbacks
           ^^^^^^^^^^^^^^^^^^^^^^^^^^^^^^^
AssertionError

2025-05-15 10:55:45,526 - ERROR - Task was destroyed but it is pending!
task: <Task pending name='Task-2' coro=<GameClient.close() running at C:\Users\Alex\Desktop\Tic-Tac-Toe\client.py:138>>
2025-05-15 11:00:45,791 - INFO - Starting application
2025-05-15 11:00:45,859 - INFO - Initializing main menu
2025-05-15 11:00:55,485 - INFO - Starting game - Mode: Онлайн - хост, Board size: 3, Player: Alex1
2025-05-15 11:00:55,485 - INFO - Starting online game as host
2025-05-15 11:00:55,498 - INFO - Initializing game window - Mode: host, Board size: 3
2025-05-15 11:00:55,507 - INFO - Initializing client with URI: ws://localhost:8765
2025-05-15 11:00:55,508 - INFO - GameClient initialized with URI: ws://localhost:8765
2025-05-15 11:01:07,012 - INFO - Starting application
2025-05-15 11:01:07,083 - INFO - Initializing main menu
2025-05-15 11:01:36,985 - INFO - Starting game - Mode: Онлайн - клиент, Board size: 3, Player: Alex2
2025-05-15 11:01:36,985 - INFO - Starting online game as client
2025-05-15 11:02:21,844 - INFO - Starting game - Mode: Онлайн - клиент, Board size: 3, Player: Alex2
2025-05-15 11:02:21,844 - INFO - Starting online game as client
2025-05-15 11:02:21,845 - ERROR - Error starting game: 
2025-05-15 11:02:21,849 - ERROR - Traceback (most recent call last):
  File "C:\Users\Alex\Desktop\Tic-Tac-Toe\main.py", line 308, in start_game
    asyncio.create_task(try_connect())
  File "C:\Users\Alex\anaconda3\Lib\asyncio\tasks.py", line 384, in create_task
    task = loop.create_task(coro)
           ^^^^^^^^^^^^^^^^^^^^^^
  File "C:\Users\Alex\anaconda3\Lib\asyncio\base_events.py", line 437, in create_task
    task = tasks.Task(coro, loop=self, name=name, context=context)
           ^^^^^^^^^^^^^^^^^^^^^^^^^^^^^^^^^^^^^^^^^^^^^^^^^^^^^^^
  File "C:\Users\Alex\anaconda3\Lib\site-packages\qasync\__init__.py", line 481, in call_soon
    return self.call_later(0, callback, *args, context=context)
           ^^^^^^^^^^^^^^^^^^^^^^^^^^^^^^^^^^^^^^^^^^^^^^^^^^^^
  File "C:\Users\Alex\anaconda3\Lib\site-packages\qasync\__init__.py", line 471, in call_later
    return self._add_callback(
           ^^^^^^^^^^^^^^^^^^^
  File "C:\Users\Alex\anaconda3\Lib\site-packages\qasync\__init__.py", line 477, in _add_callback
    return self._timer.add_callback(handle, delay)
           ^^^^^^^^^^^^^^^^^^^^^^^^^^^^^^^^^^^^^^^
  File "C:\Users\Alex\anaconda3\Lib\site-packages\qasync\__init__.py", line 257, in add_callback
    assert timerid not in self.__callbacks
           ^^^^^^^^^^^^^^^^^^^^^^^^^^^^^^^
AssertionError

2025-05-15 11:02:24,288 - ERROR - Task was destroyed but it is pending!
task: <Task pending name='Task-2' coro=<MainMenu.start_game.<locals>.try_connect() running at C:\Users\Alex\Desktop\Tic-Tac-Toe\main.py:244>>
2025-05-15 11:06:04,499 - INFO - Starting application
2025-05-15 11:06:04,567 - INFO - Initializing main menu
2025-05-15 11:06:12,849 - INFO - Starting game - Mode: Онлайн - хост, Board size: 3, Player: Alex1
2025-05-15 11:06:12,849 - INFO - Starting online game as host
2025-05-15 11:06:12,857 - INFO - Initializing game window - Mode: host, Board size: 3
2025-05-15 11:06:12,865 - INFO - Initializing client with URI: ws://localhost:8765
2025-05-15 11:06:12,865 - INFO - GameClient initialized with URI: ws://localhost:8765
2025-05-15 11:06:14,668 - WARNING - Attempted to make move while game is not active
2025-05-15 11:06:17,731 - WARNING - Attempted to make move while game is not active
2025-05-15 11:06:23,593 - INFO - Starting application
2025-05-15 11:06:23,665 - INFO - Initializing main menu
2025-05-15 11:06:42,310 - INFO - Starting game - Mode: Онлайн - клиент, Board size: 3, Player: Fox
2025-05-15 11:06:42,310 - INFO - Starting online game as client
2025-05-15 11:07:23,338 - INFO - Starting game - Mode: Онлайн - клиент, Board size: 3, Player: Fox
2025-05-15 11:07:23,338 - INFO - Starting online game as client
2025-05-15 11:07:23,339 - ERROR - Error starting game: 
2025-05-15 11:07:23,343 - ERROR - Traceback (most recent call last):
  File "C:\Users\Alex\Desktop\Tic-Tac-Toe\main.py", line 315, in start_game
    asyncio.create_task(try_connect())
  File "C:\Users\Alex\anaconda3\Lib\asyncio\tasks.py", line 384, in create_task
    task = loop.create_task(coro)
           ^^^^^^^^^^^^^^^^^^^^^^
  File "C:\Users\Alex\anaconda3\Lib\asyncio\base_events.py", line 437, in create_task
    task = tasks.Task(coro, loop=self, name=name, context=context)
           ^^^^^^^^^^^^^^^^^^^^^^^^^^^^^^^^^^^^^^^^^^^^^^^^^^^^^^^
  File "C:\Users\Alex\anaconda3\Lib\site-packages\qasync\__init__.py", line 481, in call_soon
    return self.call_later(0, callback, *args, context=context)
           ^^^^^^^^^^^^^^^^^^^^^^^^^^^^^^^^^^^^^^^^^^^^^^^^^^^^
  File "C:\Users\Alex\anaconda3\Lib\site-packages\qasync\__init__.py", line 471, in call_later
    return self._add_callback(
           ^^^^^^^^^^^^^^^^^^^
  File "C:\Users\Alex\anaconda3\Lib\site-packages\qasync\__init__.py", line 477, in _add_callback
    return self._timer.add_callback(handle, delay)
           ^^^^^^^^^^^^^^^^^^^^^^^^^^^^^^^^^^^^^^^
  File "C:\Users\Alex\anaconda3\Lib\site-packages\qasync\__init__.py", line 257, in add_callback
    assert timerid not in self.__callbacks
           ^^^^^^^^^^^^^^^^^^^^^^^^^^^^^^^
AssertionError

2025-05-15 11:07:25,400 - ERROR - Task was destroyed but it is pending!
task: <Task pending name='Task-2' coro=<MainMenu.start_game.<locals>.try_connect() running at C:\Users\Alex\Desktop\Tic-Tac-Toe\main.py:244>>
2025-05-15 11:07:26,381 - INFO - Starting game - Mode: Онлайн - клиент, Board size: 3, Player: Fox
2025-05-15 11:07:26,382 - INFO - Starting online game as client
2025-05-15 11:07:26,382 - ERROR - Error starting game: 
2025-05-15 11:07:26,384 - ERROR - Traceback (most recent call last):
  File "C:\Users\Alex\Desktop\Tic-Tac-Toe\main.py", line 315, in start_game
    asyncio.create_task(try_connect())
  File "C:\Users\Alex\anaconda3\Lib\asyncio\tasks.py", line 384, in create_task
    task = loop.create_task(coro)
           ^^^^^^^^^^^^^^^^^^^^^^
  File "C:\Users\Alex\anaconda3\Lib\asyncio\base_events.py", line 437, in create_task
    task = tasks.Task(coro, loop=self, name=name, context=context)
           ^^^^^^^^^^^^^^^^^^^^^^^^^^^^^^^^^^^^^^^^^^^^^^^^^^^^^^^
  File "C:\Users\Alex\anaconda3\Lib\site-packages\qasync\__init__.py", line 481, in call_soon
    return self.call_later(0, callback, *args, context=context)
           ^^^^^^^^^^^^^^^^^^^^^^^^^^^^^^^^^^^^^^^^^^^^^^^^^^^^
  File "C:\Users\Alex\anaconda3\Lib\site-packages\qasync\__init__.py", line 471, in call_later
    return self._add_callback(
           ^^^^^^^^^^^^^^^^^^^
  File "C:\Users\Alex\anaconda3\Lib\site-packages\qasync\__init__.py", line 477, in _add_callback
    return self._timer.add_callback(handle, delay)
           ^^^^^^^^^^^^^^^^^^^^^^^^^^^^^^^^^^^^^^^
  File "C:\Users\Alex\anaconda3\Lib\site-packages\qasync\__init__.py", line 257, in add_callback
    assert timerid not in self.__callbacks
           ^^^^^^^^^^^^^^^^^^^^^^^^^^^^^^^
AssertionError

2025-05-15 11:07:27,712 - ERROR - Task was destroyed but it is pending!
task: <Task pending name='Task-3' coro=<MainMenu.start_game.<locals>.try_connect() running at C:\Users\Alex\Desktop\Tic-Tac-Toe\main.py:244>>
2025-05-15 11:09:56,285 - INFO - Starting application
2025-05-15 11:09:56,360 - INFO - Initializing main menu
2025-05-15 11:10:06,353 - INFO - Starting game - Mode: Онлайн - хост, Board size: 3, Player: Alex1
2025-05-15 11:10:06,353 - INFO - Starting online game as host
2025-05-15 11:10:06,363 - INFO - Initializing game window - Mode: host, Board size: 3
2025-05-15 11:10:06,364 - ERROR - Error starting game: 'GameWindow' object has no attribute 'buttons'
2025-05-15 11:10:06,365 - ERROR - Traceback (most recent call last):
  File "C:\Users\Alex\Desktop\Tic-Tac-Toe\main.py", line 236, in start_game
    self.game_window = GameWindow(
                       ^^^^^^^^^^^
  File "C:\Users\Alex\Desktop\Tic-Tac-Toe\main.py", line 350, in __init__
    self.initUI()
  File "C:\Users\Alex\Desktop\Tic-Tac-Toe\main.py", line 396, in initUI
    self.update_title()
  File "C:\Users\Alex\Desktop\Tic-Tac-Toe\main.py", line 616, in update_title
    for row in self.buttons:
               ^^^^^^^^^^^^
AttributeError: 'GameWindow' object has no attribute 'buttons'

2025-05-15 11:11:06,232 - INFO - Starting application
2025-05-15 11:11:06,304 - INFO - Initializing main menu
2025-05-15 11:11:12,548 - INFO - Starting game - Mode: Онлайн - хост, Board size: 3, Player: Alex1
2025-05-15 11:11:12,548 - INFO - Starting online game as host
2025-05-15 11:11:12,556 - INFO - Initializing game window - Mode: host, Board size: 3
2025-05-15 11:11:12,563 - INFO - Initializing client with URI: ws://localhost:8765
2025-05-15 11:11:12,563 - INFO - GameClient initialized with URI: ws://localhost:8765
2025-05-15 11:11:12,563 - INFO - Client initialized successfully
2025-05-15 11:11:26,266 - INFO - Starting application
2025-05-15 11:11:26,338 - INFO - Initializing main menu
2025-05-15 11:11:38,775 - INFO - Starting game - Mode: Онлайн - клиент, Board size: 3, Player: Alex2
2025-05-15 11:11:38,775 - INFO - Starting online game as client
2025-05-15 11:11:38,776 - INFO - Initializing game window - Mode: client, Board size: 3
2025-05-15 11:11:38,787 - INFO - Initializing client with URI: ws://localhost:8765
2025-05-15 11:11:38,787 - INFO - GameClient initialized with URI: ws://localhost:8765
2025-05-15 11:11:38,787 - INFO - Client initialized successfully
2025-05-15 11:12:27,488 - INFO - Initializing main menu
2025-05-15 11:12:27,520 - INFO - Closing game window
2025-05-15 11:12:27,521 - INFO - Closing client connection
2025-05-15 11:12:27,521 - ERROR - Error closing window: 
2025-05-15 11:12:27,525 - ERROR - Traceback (most recent call last):
  File "C:\Users\Alex\Desktop\Tic-Tac-Toe\main.py", line 666, in closeEvent
    asyncio.create_task(self.client.close())
  File "C:\Users\Alex\anaconda3\Lib\asyncio\tasks.py", line 384, in create_task
    task = loop.create_task(coro)
           ^^^^^^^^^^^^^^^^^^^^^^
  File "C:\Users\Alex\anaconda3\Lib\asyncio\base_events.py", line 437, in create_task
    task = tasks.Task(coro, loop=self, name=name, context=context)
           ^^^^^^^^^^^^^^^^^^^^^^^^^^^^^^^^^^^^^^^^^^^^^^^^^^^^^^^
  File "C:\Users\Alex\anaconda3\Lib\site-packages\qasync\__init__.py", line 481, in call_soon
    return self.call_later(0, callback, *args, context=context)
           ^^^^^^^^^^^^^^^^^^^^^^^^^^^^^^^^^^^^^^^^^^^^^^^^^^^^
  File "C:\Users\Alex\anaconda3\Lib\site-packages\qasync\__init__.py", line 471, in call_later
    return self._add_callback(
           ^^^^^^^^^^^^^^^^^^^
  File "C:\Users\Alex\anaconda3\Lib\site-packages\qasync\__init__.py", line 477, in _add_callback
    return self._timer.add_callback(handle, delay)
           ^^^^^^^^^^^^^^^^^^^^^^^^^^^^^^^^^^^^^^^
  File "C:\Users\Alex\anaconda3\Lib\site-packages\qasync\__init__.py", line 257, in add_callback
    assert timerid not in self.__callbacks
           ^^^^^^^^^^^^^^^^^^^^^^^^^^^^^^^
AssertionError

2025-05-15 11:12:27,526 - ERROR - Task was destroyed but it is pending!
task: <Task pending name='Task-2' coro=<GameClient.close() running at C:\Users\Alex\Desktop\Tic-Tac-Toe\client.py:150>>
2025-05-15 11:12:33,939 - INFO - Initializing main menu
2025-05-15 11:12:33,970 - INFO - Closing game window
2025-05-15 11:12:33,970 - INFO - Closing client connection
2025-05-15 11:12:33,970 - ERROR - Error closing window: 
2025-05-15 11:12:33,974 - ERROR - Traceback (most recent call last):
  File "C:\Users\Alex\Desktop\Tic-Tac-Toe\main.py", line 666, in closeEvent
    asyncio.create_task(self.client.close())
  File "C:\Users\Alex\anaconda3\Lib\asyncio\tasks.py", line 384, in create_task
    task = loop.create_task(coro)
           ^^^^^^^^^^^^^^^^^^^^^^
  File "C:\Users\Alex\anaconda3\Lib\asyncio\base_events.py", line 437, in create_task
    task = tasks.Task(coro, loop=self, name=name, context=context)
           ^^^^^^^^^^^^^^^^^^^^^^^^^^^^^^^^^^^^^^^^^^^^^^^^^^^^^^^
  File "C:\Users\Alex\anaconda3\Lib\site-packages\qasync\__init__.py", line 481, in call_soon
    return self.call_later(0, callback, *args, context=context)
           ^^^^^^^^^^^^^^^^^^^^^^^^^^^^^^^^^^^^^^^^^^^^^^^^^^^^
  File "C:\Users\Alex\anaconda3\Lib\site-packages\qasync\__init__.py", line 471, in call_later
    return self._add_callback(
           ^^^^^^^^^^^^^^^^^^^
  File "C:\Users\Alex\anaconda3\Lib\site-packages\qasync\__init__.py", line 477, in _add_callback
    return self._timer.add_callback(handle, delay)
           ^^^^^^^^^^^^^^^^^^^^^^^^^^^^^^^^^^^^^^^
  File "C:\Users\Alex\anaconda3\Lib\site-packages\qasync\__init__.py", line 257, in add_callback
    assert timerid not in self.__callbacks
           ^^^^^^^^^^^^^^^^^^^^^^^^^^^^^^^
AssertionError

2025-05-15 11:12:33,975 - ERROR - Task was destroyed but it is pending!
task: <Task pending name='Task-2' coro=<GameClient.close() running at C:\Users\Alex\Desktop\Tic-Tac-Toe\client.py:150>>
2025-05-15 11:12:39,877 - INFO - Starting game - Mode: Онлайн - хост, Board size: 3, Player: Player
2025-05-15 11:12:39,877 - INFO - Starting online game as host
2025-05-15 11:12:39,878 - ERROR - Error starting game: 
2025-05-15 11:12:39,879 - ERROR - Traceback (most recent call last):
  File "C:\Users\Alex\Desktop\Tic-Tac-Toe\main.py", line 235, in start_game
    asyncio.create_task(start_server_async())
  File "C:\Users\Alex\anaconda3\Lib\asyncio\tasks.py", line 384, in create_task
    task = loop.create_task(coro)
           ^^^^^^^^^^^^^^^^^^^^^^
  File "C:\Users\Alex\anaconda3\Lib\asyncio\base_events.py", line 437, in create_task
    task = tasks.Task(coro, loop=self, name=name, context=context)
           ^^^^^^^^^^^^^^^^^^^^^^^^^^^^^^^^^^^^^^^^^^^^^^^^^^^^^^^
  File "C:\Users\Alex\anaconda3\Lib\site-packages\qasync\__init__.py", line 481, in call_soon
    return self.call_later(0, callback, *args, context=context)
           ^^^^^^^^^^^^^^^^^^^^^^^^^^^^^^^^^^^^^^^^^^^^^^^^^^^^
  File "C:\Users\Alex\anaconda3\Lib\site-packages\qasync\__init__.py", line 471, in call_later
    return self._add_callback(
           ^^^^^^^^^^^^^^^^^^^
  File "C:\Users\Alex\anaconda3\Lib\site-packages\qasync\__init__.py", line 477, in _add_callback
    return self._timer.add_callback(handle, delay)
           ^^^^^^^^^^^^^^^^^^^^^^^^^^^^^^^^^^^^^^^
  File "C:\Users\Alex\anaconda3\Lib\site-packages\qasync\__init__.py", line 257, in add_callback
    assert timerid not in self.__callbacks
           ^^^^^^^^^^^^^^^^^^^^^^^^^^^^^^^
AssertionError

2025-05-15 11:12:41,439 - ERROR - Task was destroyed but it is pending!
task: <Task pending name='Task-3' coro=<start_server_async() running at C:\Users\Alex\Desktop\Tic-Tac-Toe\server.py:243>>
2025-05-15 11:12:43,400 - INFO - Starting game - Mode: Онлайн - клиент, Board size: 3, Player: Player
2025-05-15 11:12:43,401 - INFO - Starting online game as client
2025-05-15 11:12:43,402 - INFO - Initializing game window - Mode: client, Board size: 3
2025-05-15 11:12:43,405 - INFO - Initializing client with URI: ws://localhost:8765
2025-05-15 11:12:43,405 - INFO - GameClient initialized with URI: ws://localhost:8765
2025-05-15 11:12:43,407 - INFO - Client initialized successfully
2025-05-15 11:12:43,436 - ERROR - Error starting game: 
2025-05-15 11:12:43,438 - ERROR - Traceback (most recent call last):
  File "C:\Users\Alex\Desktop\Tic-Tac-Toe\main.py", line 311, in start_game
    asyncio.create_task(try_connect())
  File "C:\Users\Alex\anaconda3\Lib\asyncio\tasks.py", line 384, in create_task
    task = loop.create_task(coro)
           ^^^^^^^^^^^^^^^^^^^^^^
  File "C:\Users\Alex\anaconda3\Lib\asyncio\base_events.py", line 437, in create_task
    task = tasks.Task(coro, loop=self, name=name, context=context)
           ^^^^^^^^^^^^^^^^^^^^^^^^^^^^^^^^^^^^^^^^^^^^^^^^^^^^^^^
  File "C:\Users\Alex\anaconda3\Lib\site-packages\qasync\__init__.py", line 481, in call_soon
    return self.call_later(0, callback, *args, context=context)
           ^^^^^^^^^^^^^^^^^^^^^^^^^^^^^^^^^^^^^^^^^^^^^^^^^^^^
  File "C:\Users\Alex\anaconda3\Lib\site-packages\qasync\__init__.py", line 471, in call_later
    return self._add_callback(
           ^^^^^^^^^^^^^^^^^^^
  File "C:\Users\Alex\anaconda3\Lib\site-packages\qasync\__init__.py", line 477, in _add_callback
    return self._timer.add_callback(handle, delay)
           ^^^^^^^^^^^^^^^^^^^^^^^^^^^^^^^^^^^^^^^
  File "C:\Users\Alex\anaconda3\Lib\site-packages\qasync\__init__.py", line 257, in add_callback
    assert timerid not in self.__callbacks
           ^^^^^^^^^^^^^^^^^^^^^^^^^^^^^^^
AssertionError

2025-05-15 11:12:45,173 - ERROR - Task was destroyed but it is pending!
task: <Task pending name='Task-3' coro=<MainMenu.start_game.<locals>.try_connect() running at C:\Users\Alex\Desktop\Tic-Tac-Toe\main.py:252>>
2025-05-15 11:12:47,752 - INFO - Initializing main menu
2025-05-15 11:12:47,782 - INFO - Closing game window
2025-05-15 11:12:47,783 - INFO - Closing client connection
2025-05-15 11:12:47,784 - ERROR - Error closing window: 
2025-05-15 11:12:47,785 - ERROR - Traceback (most recent call last):
  File "C:\Users\Alex\Desktop\Tic-Tac-Toe\main.py", line 666, in closeEvent
    asyncio.create_task(self.client.close())
  File "C:\Users\Alex\anaconda3\Lib\asyncio\tasks.py", line 384, in create_task
    task = loop.create_task(coro)
           ^^^^^^^^^^^^^^^^^^^^^^
  File "C:\Users\Alex\anaconda3\Lib\asyncio\base_events.py", line 437, in create_task
    task = tasks.Task(coro, loop=self, name=name, context=context)
           ^^^^^^^^^^^^^^^^^^^^^^^^^^^^^^^^^^^^^^^^^^^^^^^^^^^^^^^
  File "C:\Users\Alex\anaconda3\Lib\site-packages\qasync\__init__.py", line 481, in call_soon
    return self.call_later(0, callback, *args, context=context)
           ^^^^^^^^^^^^^^^^^^^^^^^^^^^^^^^^^^^^^^^^^^^^^^^^^^^^
  File "C:\Users\Alex\anaconda3\Lib\site-packages\qasync\__init__.py", line 471, in call_later
    return self._add_callback(
           ^^^^^^^^^^^^^^^^^^^
  File "C:\Users\Alex\anaconda3\Lib\site-packages\qasync\__init__.py", line 477, in _add_callback
    return self._timer.add_callback(handle, delay)
           ^^^^^^^^^^^^^^^^^^^^^^^^^^^^^^^^^^^^^^^
  File "C:\Users\Alex\anaconda3\Lib\site-packages\qasync\__init__.py", line 257, in add_callback
    assert timerid not in self.__callbacks
           ^^^^^^^^^^^^^^^^^^^^^^^^^^^^^^^
AssertionError

2025-05-15 11:12:47,786 - ERROR - Task was destroyed but it is pending!
task: <Task pending name='Task-4' coro=<GameClient.close() running at C:\Users\Alex\Desktop\Tic-Tac-Toe\client.py:150>>
2025-05-15 11:18:19,021 - INFO - Starting application
2025-05-15 11:18:19,088 - INFO - Initializing main menu
2025-05-15 11:18:27,616 - INFO - Starting game - Mode: Оффлайн игра, Board size: 3, Player: Alex1
2025-05-15 11:18:27,617 - INFO - Starting offline game with players: Alex1 vs Alex2
2025-05-15 11:18:27,617 - INFO - Initializing game window - Mode: offline, Board size: 3
2025-05-15 11:18:27,621 - ERROR - Error starting game: 'GameWindow' object has no attribute 'set_background'
2025-05-15 11:18:27,622 - ERROR - Traceback (most recent call last):
  File "C:\Users\Alex\Desktop\Tic-Tac-Toe\main.py", line 227, in start_game
    self.game_window = GameWindow(
                       ^^^^^^^^^^^
  File "C:\Users\Alex\Desktop\Tic-Tac-Toe\main.py", line 394, in __init__
    self.set_background()
    ^^^^^^^^^^^^^^^^^^^
AttributeError: 'GameWindow' object has no attribute 'set_background'

2025-05-15 11:19:38,403 - INFO - Starting application
2025-05-15 11:19:38,486 - INFO - Initializing main menu
2025-05-15 11:19:44,970 - INFO - Starting game - Mode: Оффлайн игра, Board size: 3, Player: Alex1
2025-05-15 11:19:44,970 - INFO - Starting offline game with players: Alex1 vs Alex2
2025-05-15 11:19:44,971 - INFO - Initializing game window - Mode: offline, Board size: 3
2025-05-15 11:19:46,979 - WARNING - Attempted to make move while game is not active
2025-05-15 11:19:51,206 - WARNING - Attempted to make move while game is not active
2025-05-15 11:19:52,020 - WARNING - Attempted to make move while game is not active
2025-05-15 11:19:52,560 - WARNING - Attempted to make move while game is not active
2025-05-15 11:19:52,934 - WARNING - Attempted to make move while game is not active
2025-05-15 11:19:53,567 - INFO - Initializing main menu
2025-05-15 11:19:53,598 - INFO - Closing game window
2025-05-15 11:21:00,795 - INFO - Starting application
2025-05-15 11:21:00,871 - INFO - Initializing main menu
2025-05-15 11:21:07,878 - INFO - Starting game - Mode: Оффлайн игра, Board size: 3, Player: Alex1
2025-05-15 11:21:07,878 - INFO - Starting offline game with players: Alex1 vs Alex2
2025-05-15 11:21:07,879 - INFO - Initializing game window - Mode: offline, Board size: 3
2025-05-15 11:21:08,848 - INFO - Making move - row: 0, col: 0, player: X
2025-05-15 11:21:08,848 - INFO - Turn switched to O
2025-05-15 11:21:09,408 - INFO - Making move - row: 1, col: 0, player: O
2025-05-15 11:21:09,408 - INFO - Turn switched to X
2025-05-15 11:21:09,809 - INFO - Making move - row: 2, col: 0, player: X
2025-05-15 11:21:09,810 - INFO - Turn switched to O
2025-05-15 11:21:10,314 - INFO - Making move - row: 2, col: 1, player: O
2025-05-15 11:21:10,315 - INFO - Turn switched to X
2025-05-15 11:21:11,273 - INFO - Making move - row: 0, col: 1, player: X
2025-05-15 11:21:11,273 - INFO - Turn switched to O
2025-05-15 11:21:12,317 - INFO - Making move - row: 1, col: 1, player: O
2025-05-15 11:21:12,317 - INFO - Turn switched to X
2025-05-15 11:21:12,749 - INFO - Making move - row: 0, col: 2, player: X
2025-05-15 11:21:12,750 - INFO - Game won by X
2025-05-15 11:21:12,751 - INFO - Game ended: Alex1 wins!
2025-05-15 11:21:15,947 - INFO - Making move - row: 2, col: 0, player: O
2025-05-15 11:21:15,947 - INFO - Turn switched to X
2025-05-15 11:21:16,411 - INFO - Making move - row: 0, col: 0, player: X
2025-05-15 11:21:16,412 - INFO - Turn switched to O
2025-05-15 11:21:19,030 - INFO - Making move - row: 1, col: 1, player: O
2025-05-15 11:21:19,030 - INFO - Turn switched to X
2025-05-15 11:21:19,728 - INFO - Making move - row: 1, col: 0, player: X
2025-05-15 11:21:19,728 - INFO - Turn switched to O
2025-05-15 11:21:20,858 - INFO - Making move - row: 0, col: 2, player: O
2025-05-15 11:21:20,858 - INFO - Game won by O
2025-05-15 11:21:20,858 - INFO - Game ended: Alex2 wins!
2025-05-15 11:21:22,829 - INFO - Initializing main menu
2025-05-15 11:21:22,862 - INFO - Closing game window
2025-05-15 11:21:25,366 - INFO - Starting game - Mode: Оффлайн игра, Board size: 9, Player: Player
2025-05-15 11:21:25,367 - INFO - Starting offline game with players: Player vs Player O
2025-05-15 11:21:25,367 - INFO - Initializing game window - Mode: offline, Board size: 9
2025-05-15 11:21:26,346 - INFO - Making move - row: 2, col: 3, player: X
2025-05-15 11:21:26,347 - INFO - Turn switched to O
2025-05-15 11:21:27,051 - INFO - Making move - row: 3, col: 2, player: O
2025-05-15 11:21:27,052 - INFO - Turn switched to X
2025-05-15 11:21:28,556 - INFO - Making move - row: 1, col: 4, player: X
2025-05-15 11:21:28,556 - INFO - Turn switched to O
2025-05-15 11:21:29,508 - INFO - Making move - row: 3, col: 3, player: O
2025-05-15 11:21:29,509 - INFO - Turn switched to X
2025-05-15 11:21:32,354 - INFO - Making move - row: 2, col: 2, player: X
2025-05-15 11:21:32,354 - INFO - Turn switched to O
2025-05-15 11:21:33,002 - INFO - Making move - row: 3, col: 4, player: O
2025-05-15 11:21:33,002 - INFO - Turn switched to X
2025-05-15 11:21:33,884 - INFO - Making move - row: 4, col: 1, player: X
2025-05-15 11:21:33,885 - INFO - Turn switched to O
2025-05-15 11:21:34,708 - INFO - Making move - row: 3, col: 5, player: O
2025-05-15 11:21:34,709 - INFO - Turn switched to X
2025-05-15 11:21:35,255 - INFO - Making move - row: 4, col: 3, player: X
2025-05-15 11:21:35,255 - INFO - Turn switched to O
2025-05-15 11:21:36,014 - INFO - Making move - row: 3, col: 6, player: O
2025-05-15 11:21:36,015 - INFO - Game won by O
2025-05-15 11:21:36,015 - INFO - Game ended: Player O wins!
2025-05-15 11:21:37,970 - INFO - Initializing main menu
2025-05-15 11:21:37,999 - INFO - Closing game window
2025-05-15 11:21:46,621 - INFO - Starting application
2025-05-15 11:21:46,693 - INFO - Initializing main menu
2025-05-15 11:21:54,328 - INFO - Starting game - Mode: Онлайн - хост, Board size: 3, Player: Alex1
2025-05-15 11:21:54,328 - INFO - Starting online game as host
2025-05-15 11:21:54,340 - INFO - Initializing game window - Mode: host, Board size: 3
2025-05-15 11:21:54,342 - INFO - Server started on 0.0.0.0:8765
2025-05-15 11:21:54,349 - INFO - Initializing client with host: localhost
2025-05-15 11:21:54,349 - INFO - Connecting to localhost:8765
2025-05-15 11:21:54,365 - INFO - Connected successfully
2025-05-15 11:21:54,365 - INFO - New connection from ('127.0.0.1', 57894)
2025-05-15 11:21:54,366 - INFO - Successfully connected to server
2025-05-15 11:21:54,394 - INFO - Received message: {'type': 'assign', 'symbol': 'X'}
2025-05-15 11:21:54,394 - INFO - Assigned symbol: X
2025-05-15 11:22:04,386 - INFO - Starting application
2025-05-15 11:22:04,454 - INFO - Initializing main menu
2025-05-15 11:22:15,636 - INFO - Starting game - Mode: Онлайн - клиент, Board size: 3, Player: Alex2
2025-05-15 11:22:15,636 - INFO - Starting online game as client
2025-05-15 11:22:15,637 - INFO - Initializing game window - Mode: client, Board size: 3
2025-05-15 11:22:15,649 - INFO - Initializing client with host: localhost
2025-05-15 11:22:15,649 - INFO - Connecting to localhost:8765
2025-05-15 11:22:15,654 - INFO - Connected successfully
2025-05-15 11:22:15,654 - INFO - New connection from ('127.0.0.1', 57908)
2025-05-15 11:22:15,654 - INFO - Successfully connected to server
2025-05-15 11:22:15,655 - INFO - Received message: {'type': 'start', 'state': {'board': [[None, None, None], [None, None, None], [None, None, None]], 'current_player': 'X', 'game_active': True, 'players': {'X': '127.0.0.1', 'O': '127.0.0.1'}}}
2025-05-15 11:22:15,655 - INFO - Game started
2025-05-15 11:22:15,681 - INFO - Received message: {'type': 'assign', 'symbol': 'O'}
2025-05-15 11:22:15,685 - INFO - Assigned symbol: O
2025-05-15 11:22:15,685 - INFO - Received message: {'type': 'start', 'state': {'board': [[None, None, None], [None, None, None], [None, None, None]], 'current_player': 'X', 'game_active': True, 'players': {'X': '127.0.0.1', 'O': '127.0.0.1'}}}
2025-05-15 11:22:15,685 - INFO - Game started
2025-05-15 11:22:24,056 - WARNING - Not player's turn
2025-05-15 11:22:25,554 - INFO - Making move - row: 0, col: 0, player: X
2025-05-15 11:22:25,555 - INFO - Move sent to server
2025-05-15 11:22:25,555 - INFO - Received message from ('127.0.0.1', 57894): {'type': 'move', 'row': 0, 'col': 0}
2025-05-15 11:22:25,556 - INFO - Received message: {'type': 'state_update', 'state': {'board': [['X', None, None], [None, None, None], [None, None, None]], 'current_player': 'O', 'game_active': True, 'players': {'X': '127.0.0.1', 'O': '127.0.0.1'}}}
2025-05-15 11:22:25,556 - INFO - Received message: {'type': 'state_update', 'state': {'board': [['X', None, None], [None, None, None], [None, None, None]], 'current_player': 'O', 'game_active': True, 'players': {'X': '127.0.0.1', 'O': '127.0.0.1'}}}
2025-05-15 11:22:27,812 - INFO - Making move - row: 1, col: 1, player: O
2025-05-15 11:22:27,813 - INFO - Move sent to server
2025-05-15 11:22:27,813 - INFO - Received message from ('127.0.0.1', 57908): {'type': 'move', 'row': 1, 'col': 1}
2025-05-15 11:22:27,813 - INFO - Received message: {'type': 'state_update', 'state': {'board': [['X', None, None], [None, 'O', None], [None, None, None]], 'current_player': 'X', 'game_active': True, 'players': {'X': '127.0.0.1', 'O': '127.0.0.1'}}}
2025-05-15 11:22:27,814 - INFO - Received message: {'type': 'state_update', 'state': {'board': [['X', None, None], [None, 'O', None], [None, None, None]], 'current_player': 'X', 'game_active': True, 'players': {'X': '127.0.0.1', 'O': '127.0.0.1'}}}
2025-05-15 11:22:34,674 - WARNING - Cell already occupied: row=1, col=1
2025-05-15 11:22:35,161 - INFO - Making move - row: 2, col: 2, player: X
2025-05-15 11:22:35,162 - INFO - Received message from ('127.0.0.1', 57894): {'type': 'move', 'row': 2, 'col': 2}
2025-05-15 11:22:35,162 - INFO - Move sent to server
2025-05-15 11:22:35,162 - INFO - Received message: {'type': 'state_update', 'state': {'board': [['X', None, None], [None, 'O', None], [None, None, 'X']], 'current_player': 'O', 'game_active': True, 'players': {'X': '127.0.0.1', 'O': '127.0.0.1'}}}
2025-05-15 11:22:35,162 - INFO - Received message: {'type': 'state_update', 'state': {'board': [['X', None, None], [None, 'O', None], [None, None, 'X']], 'current_player': 'O', 'game_active': True, 'players': {'X': '127.0.0.1', 'O': '127.0.0.1'}}}
2025-05-15 11:22:40,210 - INFO - Making move - row: 0, col: 2, player: O
2025-05-15 11:22:40,211 - INFO - Move sent to server
2025-05-15 11:22:40,211 - INFO - Received message from ('127.0.0.1', 57908): {'type': 'move', 'row': 0, 'col': 2}
2025-05-15 11:22:40,211 - INFO - Received message: {'type': 'state_update', 'state': {'board': [['X', None, 'O'], [None, 'O', None], [None, None, 'X']], 'current_player': 'X', 'game_active': True, 'players': {'X': '127.0.0.1', 'O': '127.0.0.1'}}}
2025-05-15 11:22:40,211 - INFO - Received message: {'type': 'state_update', 'state': {'board': [['X', None, 'O'], [None, 'O', None], [None, None, 'X']], 'current_player': 'X', 'game_active': True, 'players': {'X': '127.0.0.1', 'O': '127.0.0.1'}}}
2025-05-15 11:22:48,508 - INFO - Making move - row: 2, col: 0, player: X
2025-05-15 11:22:48,509 - INFO - Received message from ('127.0.0.1', 57894): {'type': 'move', 'row': 2, 'col': 0}
2025-05-15 11:22:48,509 - INFO - Move sent to server
2025-05-15 11:22:48,509 - INFO - Received message: {'type': 'state_update', 'state': {'board': [['X', None, 'O'], [None, 'O', None], ['X', None, 'X']], 'current_player': 'O', 'game_active': True, 'players': {'X': '127.0.0.1', 'O': '127.0.0.1'}}}
2025-05-15 11:22:48,510 - INFO - Received message: {'type': 'state_update', 'state': {'board': [['X', None, 'O'], [None, 'O', None], ['X', None, 'X']], 'current_player': 'O', 'game_active': True, 'players': {'X': '127.0.0.1', 'O': '127.0.0.1'}}}
2025-05-15 11:22:51,072 - INFO - Making move - row: 0, col: 1, player: O
2025-05-15 11:22:51,073 - INFO - Move sent to server
2025-05-15 11:22:51,073 - INFO - Received message from ('127.0.0.1', 57908): {'type': 'move', 'row': 0, 'col': 1}
2025-05-15 11:22:51,074 - INFO - Received message: {'type': 'state_update', 'state': {'board': [['X', 'O', 'O'], [None, 'O', None], ['X', None, 'X']], 'current_player': 'X', 'game_active': True, 'players': {'X': '127.0.0.1', 'O': '127.0.0.1'}}}
2025-05-15 11:22:51,074 - INFO - Received message: {'type': 'state_update', 'state': {'board': [['X', 'O', 'O'], [None, 'O', None], ['X', None, 'X']], 'current_player': 'X', 'game_active': True, 'players': {'X': '127.0.0.1', 'O': '127.0.0.1'}}}
2025-05-15 11:22:56,871 - INFO - Making move - row: 2, col: 1, player: X
2025-05-15 11:22:56,872 - INFO - Move sent to server
2025-05-15 11:22:56,872 - INFO - Received message from ('127.0.0.1', 57894): {'type': 'move', 'row': 2, 'col': 1}
2025-05-15 11:22:56,872 - INFO - Received message: {'type': 'game_end', 'reason': 'X wins', 'state': {'board': [['X', 'O', 'O'], [None, 'O', None], ['X', 'X', 'X']], 'current_player': 'O', 'game_active': False, 'players': {'X': '127.0.0.1', 'O': '127.0.0.1'}}}
2025-05-15 11:22:56,872 - INFO - Received message: {'type': 'game_end', 'reason': 'X wins', 'state': {'board': [['X', 'O', 'O'], [None, 'O', None], ['X', 'X', 'X']], 'current_player': 'O', 'game_active': False, 'players': {'X': '127.0.0.1', 'O': '127.0.0.1'}}}
2025-05-15 11:22:56,873 - INFO - Game ended: X wins
2025-05-15 11:22:56,873 - INFO - Game ended: X wins
2025-05-15 11:23:10,146 - INFO - Received message from ('127.0.0.1', 57894): {'type': 'reset'}
2025-05-15 11:23:10,147 - INFO - Received message: {'type': 'start', 'state': {'board': [[None, None, None], [None, None, None], [None, None, None]], 'current_player': 'X', 'game_active': True, 'players': {'X': '127.0.0.1', 'O': '127.0.0.1'}}}
2025-05-15 11:23:10,147 - INFO - Game started
2025-05-15 11:23:10,147 - INFO - Game started
2025-05-15 11:23:12,629 - WARNING - Not player's turn
2025-05-15 11:23:14,657 - INFO - Making move - row: 0, col: 0, player: X
2025-05-15 11:23:14,657 - INFO - Move sent to server
2025-05-15 11:23:14,657 - INFO - Received message from ('127.0.0.1', 57894): {'type': 'move', 'row': 0, 'col': 0}
2025-05-15 11:23:14,658 - INFO - Received message: {'type': 'state_update', 'state': {'board': [['X', None, None], [None, None, None], [None, None, None]], 'current_player': 'O', 'game_active': True, 'players': {'X': '127.0.0.1', 'O': '127.0.0.1'}}}
2025-05-15 11:23:14,658 - INFO - Received message: {'type': 'state_update', 'state': {'board': [['X', None, None], [None, None, None], [None, None, None]], 'current_player': 'O', 'game_active': True, 'players': {'X': '127.0.0.1', 'O': '127.0.0.1'}}}
2025-05-15 11:23:17,491 - INFO - Making move - row: 0, col: 1, player: O
2025-05-15 11:23:17,492 - INFO - Received message from ('127.0.0.1', 57908): {'type': 'move', 'row': 0, 'col': 1}
2025-05-15 11:23:17,493 - INFO - Received message: {'type': 'state_update', 'state': {'board': [['X', 'O', None], [None, None, None], [None, None, None]], 'current_player': 'X', 'game_active': True, 'players': {'X': '127.0.0.1', 'O': '127.0.0.1'}}}
2025-05-15 11:23:17,493 - INFO - Received message: {'type': 'state_update', 'state': {'board': [['X', 'O', None], [None, None, None], [None, None, None]], 'current_player': 'X', 'game_active': True, 'players': {'X': '127.0.0.1', 'O': '127.0.0.1'}}}
2025-05-15 11:23:19,672 - INFO - Making move - row: 1, col: 1, player: X
2025-05-15 11:23:19,673 - INFO - Received message from ('127.0.0.1', 57894): {'type': 'move', 'row': 1, 'col': 1}
2025-05-15 11:23:19,673 - INFO - Move sent to server
2025-05-15 11:23:19,673 - INFO - Received message: {'type': 'state_update', 'state': {'board': [['X', 'O', None], [None, 'X', None], [None, None, None]], 'current_player': 'O', 'game_active': True, 'players': {'X': '127.0.0.1', 'O': '127.0.0.1'}}}
2025-05-15 11:23:19,673 - INFO - Received message: {'type': 'state_update', 'state': {'board': [['X', 'O', None], [None, 'X', None], [None, None, None]], 'current_player': 'O', 'game_active': True, 'players': {'X': '127.0.0.1', 'O': '127.0.0.1'}}}
2025-05-15 11:23:21,770 - INFO - Making move - row: 0, col: 2, player: O
2025-05-15 11:23:21,770 - INFO - Move sent to server
2025-05-15 11:23:21,771 - INFO - Received message from ('127.0.0.1', 57908): {'type': 'move', 'row': 0, 'col': 2}
2025-05-15 11:23:21,771 - INFO - Received message: {'type': 'state_update', 'state': {'board': [['X', 'O', 'O'], [None, 'X', None], [None, None, None]], 'current_player': 'X', 'game_active': True, 'players': {'X': '127.0.0.1', 'O': '127.0.0.1'}}}
2025-05-15 11:23:23,045 - INFO - Making move - row: 2, col: 2, player: X
2025-05-15 11:23:23,045 - INFO - Move sent to server
2025-05-15 11:23:23,045 - INFO - Received message from ('127.0.0.1', 57894): {'type': 'move', 'row': 2, 'col': 2}
2025-05-15 11:23:23,046 - INFO - Received message: {'type': 'game_end', 'reason': 'X wins', 'state': {'board': [['X', 'O', 'O'], [None, 'X', None], [None, None, 'X']], 'current_player': 'O', 'game_active': False, 'players': {'X': '127.0.0.1', 'O': '127.0.0.1'}}}
2025-05-15 11:23:23,046 - INFO - Received message: {'type': 'game_end', 'reason': 'X wins', 'state': {'board': [['X', 'O', 'O'], [None, 'X', None], [None, None, 'X']], 'current_player': 'O', 'game_active': False, 'players': {'X': '127.0.0.1', 'O': '127.0.0.1'}}}
2025-05-15 11:23:23,046 - INFO - Game ended: X wins
2025-05-15 11:23:23,047 - INFO - Game ended: X wins
2025-05-15 11:25:29,774 - INFO - Closing game window
2025-05-15 11:25:29,776 - INFO - Closing client connection
2025-05-15 11:25:29,777 - ERROR - Error handling message from ('127.0.0.1', 57894): [WinError 10054] Удаленный хост принудительно разорвал существующее подключение
2025-05-15 11:25:29,777 - ERROR - Error processing message: [WinError 10053] Программа на вашем хост-компьютере разорвала установленное подключение
2025-05-15 11:25:29,778 - INFO - Received message: {'type': 'game_end', 'reason': 'opponent_disconnected', 'state': {'board': [['X', 'O', 'O'], [None, 'X', None], [None, None, 'X']], 'current_player': 'O', 'game_active': False, 'players': {'X': None, 'O': '127.0.0.1'}}}
2025-05-15 11:25:29,790 - INFO - Game ended: opponent_disconnected
2025-05-15 11:25:29,898 - ERROR - Error processing message: [WinError 10054] Удаленный хост принудительно разорвал существующее подключение
2025-05-15 11:25:30,654 - INFO - Closing game window
2025-05-15 11:25:30,654 - INFO - Closing client connection
2025-05-15 11:25:41,066 - INFO - Starting application
2025-05-15 11:25:41,137 - INFO - Initializing main menu
2025-05-15 11:25:47,810 - INFO - Starting game - Mode: Онлайн - хост, Board size: 3, Player: Alex
2025-05-15 11:25:47,810 - INFO - Starting online game as host
2025-05-15 11:25:47,818 - INFO - Initializing game window - Mode: host, Board size: 3
2025-05-15 11:25:47,820 - INFO - Server started on 0.0.0.0:8765
2025-05-15 11:25:47,825 - INFO - Initializing client with host: localhost
2025-05-15 11:25:47,826 - INFO - Connecting to localhost:8765
2025-05-15 11:25:47,830 - INFO - Connected successfully
2025-05-15 11:25:47,830 - INFO - New connection from ('127.0.0.1', 58127)
2025-05-15 11:25:47,831 - INFO - Successfully connected to server
2025-05-15 11:25:47,856 - INFO - Received message: {'type': 'assign', 'symbol': 'X'}
2025-05-15 11:25:47,860 - INFO - Assigned symbol: X
2025-05-15 11:25:54,590 - INFO - Starting application
2025-05-15 11:25:54,660 - INFO - Initializing main menu
2025-05-15 11:26:06,997 - INFO - Starting game - Mode: Онлайн - клиент, Board size: 3, Player: Alex2
2025-05-15 11:26:06,998 - INFO - Starting online game as client
2025-05-15 11:26:06,998 - INFO - Initializing game window - Mode: client, Board size: 3
2025-05-15 11:26:07,009 - INFO - Initializing client with host: localhost
2025-05-15 11:26:07,009 - INFO - Connecting to localhost:8765
2025-05-15 11:26:07,014 - INFO - Connected successfully
2025-05-15 11:26:07,015 - INFO - New connection from ('127.0.0.1', 58143)
2025-05-15 11:26:07,015 - INFO - Successfully connected to server
, 'state': {'board': [[None, None, None], [None, None, None], [None, None, None]], 'current_player': 'X', 'game_active': True, 'players': {'X': '127.0.0.1', 'O': '127.0.0.1'}}}
2025-05-15 11:26:07,016 - INFO - Game started
2025-05-15 11:26:07,016 - INFO - Received message: {'type': 'assign', 'symbol': 'O'}
2025-05-15 11:26:07,044 - INFO - Assigned symbol: O
2025-05-15 11:26:07,048 - INFO - Received message: {'type': 'start', 'state': {'board': [[None, None, None], [None, None, None], [None, None, None]], 'current_player': 'X', 'game_active': True, 'players': {'X': '127.0.0.1', 'O': '127.0.0.1'}}}
2025-05-15 11:26:07,049 - INFO - Game started
2025-05-15 11:26:15,347 - INFO - Making move - row: 0, col: 0, player: X
2025-05-15 11:26:15,348 - INFO - Move sent to server
2025-05-15 11:26:15,348 - INFO - Received message from ('127.0.0.1', 58127): {'type': 'move', 'row': 0, 'col': 0}
2025-05-15 11:26:15,349 - INFO - Received message: {'type': 'state_update', 'state': {'board': [['X', None, None], [None, None, None], [None, None, None]], 'current_player': 'O', 'game_active': True, 'players': {'X': '127.0.0.1', 'O': '127.0.0.1'}}}
2025-05-15 11:26:15,349 - INFO - Received message: {'type': 'state_update', 'state': {'board': [['X', None, None], [None, None, None], [None, None, None]], 'current_player': 'O', 'game_active': True, 'players': {'X': '127.0.0.1', 'O': '127.0.0.1'}}}
2025-05-15 11:26:17,933 - INFO - Making move - row: 0, col: 1, player: O
2025-05-15 11:26:17,934 - INFO - Move sent to server
2025-05-15 11:26:17,934 - INFO - Received message from ('127.0.0.1', 58143): {'type': 'move', 'row': 0, 'col': 1}
2025-05-15 11:26:17,935 - INFO - Received message: {'type': 'state_update', 'state': {'board': [['X', 'O', None], [None, None, None], [None, None, None]], 'current_player': 'X', 'game_active': True, 'players': {'X': '127.0.0.1', 'O': '127.0.0.1'}}}
2025-05-15 11:26:17,935 - INFO - Received message: {'type': 'state_update', 'state': {'board': [['X', 'O', None], [None, None, None], [None, None, None]], 'current_player': 'X', 'game_active': True, 'players': {'X': '127.0.0.1', 'O': '127.0.0.1'}}}
2025-05-15 11:26:19,223 - INFO - Making move - row: 1, col: 1, player: X
2025-05-15 11:26:19,224 - INFO - Move sent to server
2025-05-15 11:26:19,224 - INFO - Received message from ('127.0.0.1', 58127): {'type': 'move', 'row': 1, 'col': 1}
2025-05-15 11:26:19,225 - INFO - Received message: {'type': 'state_update', 'state': {'board': [['X', 'O', None], [None, 'X', None], [None, None, None]], 'current_player': 'O', 'game_active': True, 'players': {'X': '127.0.0.1', 'O': '127.0.0.1'}}}
2025-05-15 11:26:19,225 - INFO - Received message: {'type': 'state_update', 'state': {'board': [['X', 'O', None], [None, 'X', None], [None, None, None]], 'current_player': 'O', 'game_active': True, 'players': {'X': '127.0.0.1', 'O': '127.0.0.1'}}}
2025-05-15 11:26:20,490 - INFO - Making move - row: 1, col: 2, player: O
2025-05-15 11:26:20,491 - INFO - Move sent to server
2025-05-15 11:26:20,491 - INFO - Received message from ('127.0.0.1', 58143): {'type': 'move', 'row': 1, 'col': 2}
2025-05-15 11:26:20,492 - INFO - Received message: {'type': 'state_update', 'state': {'board': [['X', 'O', None], [None, 'X', 'O'], [None, None, None]], 'current_player': 'X', 'game_active': True, 'players': {'X': '127.0.0.1', 'O': '127.0.0.1'}}}
2025-05-15 11:26:21,852 - INFO - Making move - row: 2, col: 2, player: X
2025-05-15 11:26:21,852 - INFO - Move sent to server
2025-05-15 11:26:21,852 - INFO - Received message from ('127.0.0.1', 58127): {'type': 'move', 'row': 2, 'col': 2}
2025-05-15 11:26:21,853 - INFO - Received message: {'type': 'game_end', 'reason': 'X wins', 'state': {'board': [['X', 'O', None], [None, 'X', 'O'], [None, None, 'X']], 'current_player': 'O', 'game_active': False, 'players': {'X': '127.0.0.1', 'O': '127.0.0.1'}}}
2025-05-15 11:26:21,853 - INFO - Received message: {'type': 'game_end', 'reason': 'X wins', 'state': {'board': [['X', 'O', None], [None, 'X', 'O'], [None, None, 'X']], 'current_player': 'O', 'game_active': False, 'players': {'X': '127.0.0.1', 'O': '127.0.0.1'}}}
2025-05-15 11:26:21,854 - INFO - Game ended: X wins
2025-05-15 11:26:21,854 - INFO - Game ended: X wins
2025-05-15 11:26:58,876 - INFO - Closing game window
2025-05-15 11:26:58,876 - INFO - Closing client connection
2025-05-15 11:26:58,877 - ERROR - Error handling message from ('127.0.0.1', 58127): [WinError 10054] Удаленный хост принудительно разорвал существующее подключение
2025-05-15 11:26:58,877 - ERROR - Error processing message: [WinError 10053] Программа на вашем хост-компьютере разорвала установленное подключение
2025-05-15 11:26:58,877 - INFO - Received message: {'type': 'game_end', 'reason': 'opponent_disconnected', 'state': {'board': [['X', 'O', None], [None, 'X', 'O'], [None, None, 'X']], 'current_player': 'O', 'game_active': False, 'players': {'X': None, 'O': '127.0.0.1'}}}
2025-05-15 11:26:58,878 - INFO - Game ended: opponent_disconnected
2025-05-15 11:26:58,983 - ERROR - Error processing message: [WinError 10054] Удаленный хост принудительно разорвал существующее подключение
2025-05-15 11:26:59,597 - INFO - Closing game window
2025-05-15 11:26:59,597 - INFO - Closing client connection
2025-05-15 11:27:25,892 - INFO - Starting application
2025-05-15 11:27:25,965 - INFO - Initializing main menu
2025-05-15 11:27:32,364 - INFO - Starting application
2025-05-15 11:27:32,433 - INFO - Initializing main menu
2025-05-15 11:27:41,395 - INFO - Starting game - Mode: Онлайн - хост, Board size: 3, Player: Alex1
2025-05-15 11:27:41,395 - INFO - Starting online game as host
2025-05-15 11:27:41,407 - INFO - Initializing game window - Mode: host, Board size: 3
2025-05-15 11:27:41,410 - INFO - Server started on 0.0.0.0:8765
2025-05-15 11:27:41,418 - INFO - Initializing client with host: localhost
2025-05-15 11:27:41,419 - INFO - Connecting to localhost:8765
2025-05-15 11:27:41,423 - INFO - Connected successfully
2025-05-15 11:27:41,423 - INFO - New connection from ('127.0.0.1', 58254)
2025-05-15 11:27:41,424 - INFO - Successfully connected to server
2025-05-15 11:27:41,447 - INFO - Received message: {'type': 'assign', 'symbol': 'X'}
2025-05-15 11:27:41,451 - INFO - Assigned symbol: X
2025-05-15 11:27:59,048 - INFO - Starting game - Mode: Онлайн - клиент, Board size: 3, Player: Alex2
2025-05-15 11:27:59,049 - INFO - Starting online game as client
2025-05-15 11:27:59,049 - INFO - Initializing game window - Mode: client, Board size: 3
2025-05-15 11:27:59,061 - INFO - Initializing client with host: localhost
2025-05-15 11:27:59,061 - INFO - Connecting to localhost:8765
2025-05-15 11:27:59,065 - INFO - Connected successfully
2025-05-15 11:27:59,065 - INFO - New connection from ('127.0.0.1', 58269)
2025-05-15 11:27:59,066 - INFO - Successfully connected to server
2025-05-15 11:27:59,067 - INFO - Received message: {'type': 'start', 'state': {'board': [[None, None, None], [None, None, None], [None, None, None]], 'current_player': 'X', 'game_active': True, 'players': {'X': '127.0.0.1', 'O': '127.0.0.1'}}}
2025-05-15 11:27:59,067 - INFO - Game started
2025-05-15 11:27:59,095 - INFO - Received message: {'type': 'assign', 'symbol': 'O'}
2025-05-15 11:27:59,099 - INFO - Assigned symbol: O
2025-05-15 11:27:59,099 - INFO - Received message: {'type': 'start', 'state': {'board': [[None, None, None], [None, None, None], [None, None, None]], 'current_player': 'X', 'game_active': True, 'players': {'X': '127.0.0.1', 'O': '127.0.0.1'}}}
2025-05-15 11:27:59,099 - INFO - Game started
2025-05-15 11:28:01,651 - INFO - Making move - row: 0, col: 0, player: X
2025-05-15 11:28:01,652 - INFO - Move sent to server
2025-05-15 11:28:01,652 - INFO - Received message from ('127.0.0.1', 58254): {'type': 'move', 'row': 0, 'col': 0}
2025-05-15 11:28:01,653 - INFO - Received message: {'type': 'state_update', 'state': {'board': [['X', None, None], [None, None, None], [None, None, None]], 'current_player': 'O', 'game_active': True, 'players': {'X': '127.0.0.1', 'O': '127.0.0.1'}}}
2025-05-15 11:28:01,653 - INFO - Received message: {'type': 'state_update', 'state': {'board': [['X', None, None], [None, None, None], [None, None, None]], 'current_player': 'O', 'game_active': True, 'players': {'X': '127.0.0.1', 'O': '127.0.0.1'}}}
2025-05-15 11:28:01,653 - INFO - Received state update: {'board': [['X', None, None], [None, None, None], [None, None, None]], 'current_player': 'O', 'game_active': True, 'players': {'X': '127.0.0.1', 'O': '127.0.0.1'}}
2025-05-15 11:28:01,653 - INFO - Received state update: {'board': [['X', None, None], [None, None, None], [None, None, None]], 'current_player': 'O', 'game_active': True, 'players': {'X': '127.0.0.1', 'O': '127.0.0.1'}}
2025-05-15 11:28:03,823 - INFO - Making move - row: 0, col: 1, player: O
2025-05-15 11:28:03,823 - INFO - Move sent to server
2025-05-15 11:28:03,823 - INFO - Received message from ('127.0.0.1', 58269): {'type': 'move', 'row': 0, 'col': 1}
2025-05-15 11:28:03,824 - INFO - Received message: {'type': 'state_update', 'state': {'board': [['X', 'O', None], [None, None, None], [None, None, None]], 'current_player': 'X', 'game_active': True, 'players': {'X': '127.0.0.1', 'O': '127.0.0.1'}}}
2025-05-15 11:28:03,824 - INFO - Received message: {'type': 'state_update', 'state': {'board': [['X', 'O', None], [None, None, None], [None, None, None]], 'current_player': 'X', 'game_active': True, 'players': {'X': '127.0.0.1', 'O': '127.0.0.1'}}}
2025-05-15 11:28:03,824 - INFO - Received state update: {'board': [['X', 'O', None], [None, None, None], [None, None, None]], 'current_player': 'X', 'game_active': True, 'players': {'X': '127.0.0.1', 'O': '127.0.0.1'}}
2025-05-15 11:28:03,825 - INFO - Received state update: {'board': [['X', 'O', None], [None, None, None], [None, None, None]], 'current_player': 'X', 'game_active': True, 'players': {'X': '127.0.0.1', 'O': '127.0.0.1'}}
2025-05-15 11:28:05,522 - INFO - Making move - row: 1, col: 1, player: X
2025-05-15 11:28:05,523 - INFO - Move sent to server
2025-05-15 11:28:05,523 - INFO - Received message from ('127.0.0.1', 58254): {'type': 'move', 'row': 1, 'col': 1}
2025-05-15 11:28:05,523 - INFO - Received message: {'type': 'state_update', 'state': {'board': [['X', 'O', None], [None, 'X', None], [None, None, None]], 'current_player': 'O', 'game_active': True, 'players': {'X': '127.0.0.1', 'O': '127.0.0.1'}}}
2025-05-15 11:28:05,524 - INFO - Received state update: {'board': [['X', 'O', None], [None, 'X', None], [None, None, None]], 'current_player': 'O', 'game_active': True, 'players': {'X': '127.0.0.1', 'O': '127.0.0.1'}}
2025-05-15 11:28:05,524 - INFO - Received state update: {'board': [['X', 'O', None], [None, 'X', None], [None, None, None]], 'current_player': 'O', 'game_active': True, 'players': {'X': '127.0.0.1', 'O': '127.0.0.1'}}
2025-05-15 11:28:06,860 - INFO - Making move - row: 0, col: 2, player: O
2025-05-15 11:28:06,861 - INFO - Received message from ('127.0.0.1', 58269): {'type': 'move', 'row': 0, 'col': 2}
2025-05-15 11:28:06,862 - INFO - Received message: {'type': 'state_update', 'state': {'board': [['X', 'O', 'O'], [None, 'X', None], [None, None, None]], 'current_player': 'X', 'game_active': True, 'players': {'X': '127.0.0.1', 'O': '127.0.0.1'}}}
2025-05-15 11:28:06,862 - INFO - Received message: {'type': 'state_update', 'state': {'board': [['X', 'O', 'O'], [None, 'X', None], [None, None, None]], 'current_player': 'X', 'game_active': True, 'players': {'X': '127.0.0.1', 'O': '127.0.0.1'}}}
2025-05-15 11:28:06,862 - INFO - Received state update: {'board': [['X', 'O', 'O'], [None, 'X', None], [None, None, None]], 'current_player': 'X', 'game_active': True, 'players': {'X': '127.0.0.1', 'O': '127.0.0.1'}}
2025-05-15 11:28:06,863 - INFO - Received state update: {'board': [['X', 'O', 'O'], [None, 'X', None], [None, None, None]], 'current_player': 'X', 'game_active': True, 'players': {'X': '127.0.0.1', 'O': '127.0.0.1'}}
2025-05-15 11:28:07,853 - INFO - Making move - row: 2, col: 2, player: X
2025-05-15 11:28:07,854 - INFO - Move sent to server
2025-05-15 11:28:07,854 - INFO - Received message from ('127.0.0.1', 58254): {'type': 'move', 'row': 2, 'col': 2}
2025-05-15 11:28:07,854 - INFO - Received message: {'type': 'state_update', 'state': {'board': [['X', 'O', 'O'], [None, 'X', None], [None, None, 'X']], 'current_player': 'O', 'game_active': True, 'players': {'X': '127.0.0.1', 'O': '127.0.0.1'}}}
2025-05-15 11:28:07,854 - INFO - Received message: {'type': 'state_update', 'state': {'board': [['X', 'O', 'O'], [None, 'X', None], [None, None, 'X']], 'current_player': 'O', 'game_active': True, 'players': {'X': '127.0.0.1', 'O': '127.0.0.1'}}}
2025-05-15 11:28:07,855 - INFO - Received state update: {'board': [['X', 'O', 'O'], [None, 'X', None], [None, None, 'X']], 'current_player': 'O', 'game_active': True, 'players': {'X': '127.0.0.1', 'O': '127.0.0.1'}}
2025-05-15 11:28:07,855 - INFO - Received state update: {'board': [['X', 'O', 'O'], [None, 'X', None], [None, None, 'X']], 'current_player': 'O', 'game_active': True, 'players': {'X': '127.0.0.1', 'O': '127.0.0.1'}}
2025-05-15 11:28:07,855 - INFO - Received message: {'type': 'game_end', 'reason': 'X wins', 'state': {'board': [['X', 'O', 'O'], [None, 'X', None], [None, None, 'X']], 'current_player': 'O', 'game_active': False, 'players': {'X': '127.0.0.1', 'O': '127.0.0.1'}}}
2025-05-15 11:28:07,855 - INFO - Game ended: X wins
type': 'game_end', 'reason': 'X wins', 'state': {'board': [['X', 'O', 'O'], [None, 'X', None], [None, None, 'X']], 'current_player': 'O', 'game_active': False, 'players': {'X': '127.0.0.1', 'O': '127.0.0.1'}}}
2025-05-15 11:28:07,856 - INFO - Updating button at 0,0 with X
2025-05-15 11:28:07,856 - INFO - Updating button at 0,0 with X
2025-05-15 11:28:07,856 - INFO - Updating button at 0,1 with O
2025-05-15 11:28:07,856 - INFO - Updating button at 0,2 with O
2025-05-15 11:28:07,857 - INFO - Updating button at 1,0 with None
2025-05-15 11:28:07,857 - INFO - Updating button at 1,0 with None
2025-05-15 11:28:07,858 - INFO - Updating button at 1,1 with X
2025-05-15 11:28:07,857 - INFO - Updating button at 1,2 with None
2025-05-15 11:28:07,858 - INFO - Updating button at 1,2 with None
2025-05-15 11:28:07,858 - INFO - Updating button at 2,0 with None
2025-05-15 11:28:07,858 - INFO - Updating button at 2,0 with None
2025-05-15 11:28:07,858 - INFO - Updating button at 2,1 with None
2025-05-15 11:28:07,858 - INFO - Updating button at 2,1 with None
2025-05-15 11:28:07,858 - INFO - Updating button at 2,2 with X
2025-05-15 11:28:07,859 - INFO - Updating button at 2,2 with X
2025-05-15 11:28:11,299 - INFO - Received message from ('127.0.0.1', 58254): {'type': 'reset'}
2025-05-15 11:28:11,300 - INFO - Received message: {'type': 'start', 'state': {'board': [[None, None, None], [None, None, None], [None, None, None]], 'current_player': 'X', 'game_active': True, 'players': {'X': '127.0.0.1', 'O': '127.0.0.1'}}}
2025-05-15 11:28:11,300 - INFO - Received message: {'type': 'start', 'state': {'board': [[None, None, None], [None, None, None], [None, None, None]], 'current_player': 'X', 'game_active': True, 'players': {'X': '127.0.0.1', 'O': '127.0.0.1'}}}
2025-05-15 11:28:11,300 - INFO - Game started
2025-05-15 11:28:11,300 - INFO - Game started
2025-05-15 11:28:12,193 - INFO - Making move - row: 0, col: 2, player: X
2025-05-15 11:28:12,194 - INFO - Move sent to server
2025-05-15 11:28:12,194 - INFO - Received message from ('127.0.0.1', 58254): {'type': 'move', 'row': 0, 'col': 2}
2025-05-15 11:28:12,195 - INFO - Received message: {'type': 'state_update', 'state': {'board': [[None, None, 'X'], [None, None, None], [None, None, None]], 'current_player': 'O', 'game_active': True, 'players': {'X': '127.0.0.1', 'O': '127.0.0.1'}}}
2025-05-15 11:28:12,195 - INFO - Received message: {'type': 'state_update', 'state': {'board': [[None, None, 'X'], [None, None, None], [None, None, None]], 'current_player': 'O', 'game_active': True, 'players': {'X': '127.0.0.1', 'O': '127.0.0.1'}}}
2025-05-15 11:28:12,196 - INFO - Received state update: {'board': [[None, None, 'X'], [None, None, None], [None, None, None]], 'current_player': 'O', 'game_active': True, 'players': {'X': '127.0.0.1', 'O': '127.0.0.1'}}
2025-05-15 11:28:12,195 - INFO - Received state update: {'board': [[None, None, 'X'], [None, None, None], [None, None, None]], 'current_player': 'O', 'game_active': True, 'players': {'X': '127.0.0.1', 'O': '127.0.0.1'}}
2025-05-15 11:28:15,273 - INFO - Making move - row: 0, col: 0, player: O
2025-05-15 11:28:15,273 - INFO - Move sent to server
2025-05-15 11:28:15,273 - INFO - Received message from ('127.0.0.1', 58269): {'type': 'move', 'row': 0, 'col': 0}
2025-05-15 11:28:15,274 - INFO - Received message: {'type': 'state_update', 'state': {'board': [['O', None, 'X'], [None, None, None], [None, None, None]], 'current_player': 'X', 'game_active': True, 'players': {'X': '127.0.0.1', 'O': '127.0.0.1'}}}
2025-05-15 11:28:15,274 - INFO - Received message: {'type': 'state_update', 'state': {'board': [['O', None, 'X'], [None, None, None], [None, None, None]], 'current_player': 'X', 'game_active': True, 'players': {'X': '127.0.0.1', 'O': '127.0.0.1'}}}
2025-05-15 11:28:15,274 - INFO - Received state update: {'board': [['O', None, 'X'], [None, None, None], [None, None, None]], 'current_player': 'X', 'game_active': True, 'players': {'X': '127.0.0.1', 'O': '127.0.0.1'}}
2025-05-15 11:28:15,275 - INFO - Received state update: {'board': [['O', None, 'X'], [None, None, None], [None, None, None]], 'current_player': 'X', 'game_active': True, 'players': {'X': '127.0.0.1', 'O': '127.0.0.1'}}
2025-05-15 11:28:17,266 - INFO - Making move - row: 0, col: 1, player: X
2025-05-15 11:28:17,267 - INFO - Move sent to server
2025-05-15 11:28:17,267 - INFO - Received message from ('127.0.0.1', 58254): {'type': 'move', 'row': 0, 'col': 1}
2025-05-15 11:28:17,268 - INFO - Received message: {'type': 'state_update', 'state': {'board': [['O', 'X', 'X'], [None, None, None], [None, None, None]], 'current_player': 'O', 'game_active': True, 'players': {'X': '127.0.0.1', 'O': '127.0.0.1'}}}
2025-05-15 11:28:17,268 - INFO - Received message: {'type': 'state_update', 'state': {'board': [['O', 'X', 'X'], [None, None, None], [None, None, None]], 'current_player': 'O', 'game_active': True, 'players': {'X': '127.0.0.1', 'O': '127.0.0.1'}}}
2025-05-15 11:28:17,268 - INFO - Received state update: {'board': [['O', 'X', 'X'], [None, None, None], [None, None, None]], 'current_player': 'O', 'game_active': True, 'players': {'X': '127.0.0.1', 'O': '127.0.0.1'}}
2025-05-15 11:28:17,268 - INFO - Received state update: {'board': [['O', 'X', 'X'], [None, None, None], [None, None, None]], 'current_player': 'O', 'game_active': True, 'players': {'X': '127.0.0.1', 'O': '127.0.0.1'}}
2025-05-15 11:28:18,324 - INFO - Making move - row: 1, col: 1, player: O
2025-05-15 11:28:18,325 - INFO - Move sent to server
2025-05-15 11:28:18,325 - INFO - Received message from ('127.0.0.1', 58269): {'type': 'move', 'row': 1, 'col': 1}
2025-05-15 11:28:18,326 - INFO - Received message: {'type': 'state_update', 'state': {'board': [['O', 'X', 'X'], [None, 'O', None], [None, None, None]], 'current_player': 'X', 'game_active': True, 'players': {'X': '127.0.0.1', 'O': '127.0.0.1'}}}
2025-05-15 11:28:18,325 - INFO - Received message: {'type': 'state_update', 'state': {'board': [['O', 'X', 'X'], [None, 'O', None], [None, None, None]], 'current_player': 'X', 'game_active': True, 'players': {'X': '127.0.0.1', 'O': '127.0.0.1'}}}
2025-05-15 11:28:18,326 - INFO - Received state update: {'board': [['O', 'X', 'X'], [None, 'O', None], [None, None, None]], 'current_player': 'X', 'game_active': True, 'players': {'X': '127.0.0.1', 'O': '127.0.0.1'}}
2025-05-15 11:28:18,326 - INFO - Received state update: {'board': [['O', 'X', 'X'], [None, 'O', None], [None, None, None]], 'current_player': 'X', 'game_active': True, 'players': {'X': '127.0.0.1', 'O': '127.0.0.1'}}
2025-05-15 11:28:21,522 - INFO - Making move - row: 1, col: 2, player: X
2025-05-15 11:28:21,522 - INFO - Move sent to server
2025-05-15 11:28:21,522 - INFO - Received message from ('127.0.0.1', 58254): {'type': 'move', 'row': 1, 'col': 2}
2025-05-15 11:28:21,523 - INFO - Received message: {'type': 'state_update', 'state': {'board': [['O', 'X', 'X'], [None, 'O', 'X'], [None, None, None]], 'current_player': 'O', 'game_active': True, 'players': {'X': '127.0.0.1', 'O': '127.0.0.1'}}}
2025-05-15 11:28:21,523 - INFO - Received message: {'type': 'state_update', 'state': {'board': [['O', 'X', 'X'], [None, 'O', 'X'], [None, None, None]], 'current_player': 'O', 'game_active': True, 'players': {'X': '127.0.0.1', 'O': '127.0.0.1'}}}
2025-05-15 11:28:21,523 - INFO - Received state update: {'board': [['O', 'X', 'X'], [None, 'O', 'X'], [None, None, None]], 'current_player': 'O', 'game_active': True, 'players': {'X': '127.0.0.1', 'O': '127.0.0.1'}}
2025-05-15 11:28:21,523 - INFO - Received state update: {'board': [['O', 'X', 'X'], [None, 'O', 'X'], [None, None, None]], 'current_player': 'O', 'game_active': True, 'players': {'X': '127.0.0.1', 'O': '127.0.0.1'}}
2025-05-15 11:28:22,685 - INFO - Making move - row: 2, col: 2, player: O
2025-05-15 11:28:22,685 - INFO - Move sent to server
2025-05-15 11:28:22,685 - INFO - Received message from ('127.0.0.1', 58269): {'type': 'move', 'row': 2, 'col': 2}
2025-05-15 11:28:22,686 - INFO - Received message: {'type': 'state_update', 'state': {'board': [['O', 'X', 'X'], [None, 'O', 'X'], [None, None, 'O']], 'current_player': 'X', 'game_active': True, 'players': {'X': '127.0.0.1', 'O': '127.0.0.1'}}}
2025-05-15 11:28:22,686 - INFO - Received message: {'type': 'state_update', 'state': {'board': [['O', 'X', 'X'], [None, 'O', 'X'], [None, None, 'O']], 'current_player': 'X', 'game_active': True, 'players': {'X': '127.0.0.1', 'O': '127.0.0.1'}}}
2025-05-15 11:28:22,686 - INFO - Received state update: {'board': [['O', 'X', 'X'], [None, 'O', 'X'], [None, None, 'O']], 'current_player': 'X', 'game_active': True, 'players': {'X': '127.0.0.1', 'O': '127.0.0.1'}}
2025-05-15 11:28:22,686 - INFO - Received state update: {'board': [['O', 'X', 'X'], [None, 'O', 'X'], [None, None, 'O']], 'current_player': 'X', 'game_active': True, 'players': {'X': '127.0.0.1', 'O': '127.0.0.1'}}
2025-05-15 11:28:22,687 - INFO - Received message: {'type': 'game_end', 'reason': 'O wins', 'state': {'board': [['O', 'X', 'X'], [None, 'O', 'X'], [None, None, 'O']], 'current_player': 'X', 'game_active': False, 'players': {'X': '127.0.0.1', 'O': '127.0.0.1'}}}
2025-05-15 11:28:22,687 - INFO - Received message: {'type': 'game_end', 'reason': 'O wins', 'state': {'board': [['O', 'X', 'X'], [None, 'O', 'X'], [None, None, 'O']], 'current_player': 'X', 'game_active': False, 'players': {'X': '127.0.0.1', 'O': '127.0.0.1'}}}
2025-05-15 11:28:22,687 - INFO - Updating button at 0,0 with O
2025-05-15 11:28:22,687 - INFO - Game ended: O wins
2025-05-15 11:28:22,688 - INFO - Updating button at 0,0 with O
2025-05-15 11:28:22,688 - INFO - Updating button at 0,2 with X
2025-05-15 11:28:22,688 - INFO - Updating button at 0,1 with X
2025-05-15 11:28:22,688 - INFO - Updating button at 0,2 with X
e
2025-05-15 11:28:22,689 - INFO - Updating button at 1,0 with None
2025-05-15 11:28:22,689 - INFO - Updating button at 1,1 with O
2025-05-15 11:28:22,689 - INFO - Updating button at 1,2 with X
2025-05-15 11:28:22,689 - INFO - Updating button at 1,2 with X
e
2025-05-15 11:28:22,690 - INFO - Updating button at 2,1 with None
2025-05-15 11:28:22,690 - INFO - Updating button at 2,1 with None
2025-05-15 11:28:22,690 - INFO - Updating button at 2,2 with O
2025-05-15 11:28:22,690 - INFO - Updating button at 2,2 with O
2025-05-15 11:28:31,867 - INFO - Initializing main menu
2025-05-15 11:28:31,901 - INFO - Closing game window
2025-05-15 11:28:31,901 - INFO - Closing client connection
2025-05-15 11:28:31,902 - ERROR - Error handling message from ('127.0.0.1', 58269): [WinError 10054] Удаленный хост принудительно разорвал существующее подключение
2025-05-15 11:28:31,902 - INFO - Received message: {'type': 'game_end', 'reason': 'opponent_disconnected', 'state': {'board': [['O', 'X', 'X'], [None, 'O', 'X'], [None, None, 'O']], 'current_player': 'X', 'game_active': False, 'players': {'X': '127.0.0.1', 'O': None}}}
2025-05-15 11:28:31,902 - INFO - Game ended: opponent_disconnected
2025-05-15 11:28:31,904 - INFO - Updating button at 0,0 with O
2025-05-15 11:28:31,904 - INFO - Updating button at 0,1 with X
2025-05-15 11:28:31,904 - INFO - Updating button at 0,2 with X
2025-05-15 11:28:31,905 - INFO - Updating button at 1,0 with None
2025-05-15 11:28:31,905 - INFO - Updating button at 1,1 with O
2025-05-15 11:28:31,906 - INFO - Updating button at 1,2 with X
2025-05-15 11:28:31,906 - INFO - Updating button at 2,0 with None
2025-05-15 11:28:31,907 - INFO - Updating button at 2,1 with None
2025-05-15 11:28:31,907 - INFO - Updating button at 2,2 with O
2025-05-15 11:28:31,902 - ERROR - Error processing message: [WinError 10053] Программа на вашем хост-компьютере разорвала установленное подключение
2025-05-15 11:28:33,221 - INFO - Initializing main menu
2025-05-15 11:28:33,252 - INFO - Closing game window
2025-05-15 11:28:33,253 - INFO - Closing client connection
2025-05-15 11:28:33,261 - ERROR - Error handling message from ('127.0.0.1', 58254): [WinError 10054] Удаленный хост принудительно разорвал существующее подключение
2025-05-15 11:28:33,261 - ERROR - Error processing message: [WinError 10053] Программа на вашем хост-компьютере разорвала установленное подключение
2025-05-15 11:28:40,802 - INFO - Starting game - Mode: Онлайн - хост, Board size: 3, Player: Player
2025-05-15 11:28:40,803 - INFO - Starting online game as host
2025-05-15 11:28:40,803 - INFO - Initializing game window - Mode: host, Board size: 3
2025-05-15 11:28:40,805 - INFO - Server started on 0.0.0.0:8765
2025-05-15 11:28:40,806 - INFO - Initializing client with host: localhost
2025-05-15 11:28:40,807 - INFO - Connecting to localhost:8765
2025-05-15 11:28:40,808 - INFO - Connected successfully
2025-05-15 11:28:40,808 - INFO - New connection from ('127.0.0.1', 58296)
2025-05-15 11:28:40,809 - INFO - Successfully connected to server
2025-05-15 11:28:40,810 - INFO - Received message: {'type': 'assign', 'symbol': 'X'}
2025-05-15 11:28:40,836 - INFO - Assigned symbol: X
2025-05-15 11:28:43,091 - INFO - Starting game - Mode: Оффлайн игра, Board size: 3, Player: Player
2025-05-15 11:28:43,092 - INFO - Starting offline game with players: Player vs Player O
2025-05-15 11:28:43,092 - INFO - Initializing game window - Mode: offline, Board size: 3
2025-05-15 11:28:45,569 - INFO - Initializing main menu
2025-05-15 11:28:45,598 - INFO - Closing game window
2025-05-15 11:28:53,010 - INFO - Starting game - Mode: Онлайн - клиент, Board size: 3, Player: Player
2025-05-15 11:28:53,011 - INFO - Starting online game as client
2025-05-15 11:28:53,011 - INFO - Initializing game window - Mode: client, Board size: 3
2025-05-15 11:28:53,014 - INFO - Initializing client with host: localhost
2025-05-15 11:28:53,015 - INFO - Connecting to localhost:8765
2025-05-15 11:28:53,016 - INFO - Connected successfully
2025-05-15 11:28:53,016 - INFO - New connection from ('127.0.0.1', 58307)
2025-05-15 11:28:53,017 - INFO - Successfully connected to server
2025-05-15 11:28:53,018 - INFO - Received message: {'type': 'start', 'state': {'board': [['O', 'X', 'X'], [None, 'O', 'X'], [None, None, 'O']], 'current_player': 'X', 'game_active': True, 'players': {'X': '127.0.0.1', 'O': '127.0.0.1'}}}
2025-05-15 11:28:53,018 - INFO - Game started
2025-05-15 11:28:53,047 - INFO - Received message: {'type': 'assign', 'symbol': 'O'}
2025-05-15 11:28:53,050 - INFO - Assigned symbol: O
2025-05-15 11:28:53,051 - INFO - Received message: {'type': 'start', 'state': {'board': [['O', 'X', 'X'], [None, 'O', 'X'], [None, None, 'O']], 'current_player': 'X', 'game_active': True, 'players': {'X': '127.0.0.1', 'O': '127.0.0.1'}}}
2025-05-15 11:28:53,051 - INFO - Game started
2025-05-15 11:28:55,104 - WARNING - Not player's turn
2025-05-15 11:28:58,629 - INFO - Making move - row: 2, col: 0, player: X
2025-05-15 11:28:58,630 - INFO - Received message from ('127.0.0.1', 58296): {'type': 'move', 'row': 2, 'col': 0}
2025-05-15 11:28:58,630 - INFO - Move sent to server
2025-05-15 11:28:58,631 - INFO - Received message: {'type': 'state_update', 'state': {'board': [['O', 'X', 'X'], [None, 'O', 'X'], ['X', None, 'O']], 'current_player': 'O', 'game_active': True, 'players': {'X': '127.0.0.1', 'O': '127.0.0.1'}}}
2025-05-15 11:28:58,631 - INFO - Received message: {'type': 'state_update', 'state': {'board': [['O', 'X', 'X'], [None, 'O', 'X'], ['X', None, 'O']], 'current_player': 'O', 'game_active': True, 'players': {'X': '127.0.0.1', 'O': '127.0.0.1'}}}
2025-05-15 11:28:58,631 - INFO - Received state update: {'board': [['O', 'X', 'X'], [None, 'O', 'X'], ['X', None, 'O']], 'current_player': 'O', 'game_active': True, 'players': {'X': '127.0.0.1', 'O': '127.0.0.1'}}
2025-05-15 11:28:58,631 - INFO - Received state update: {'board': [['O', 'X', 'X'], [None, 'O', 'X'], ['X', None, 'O']], 'current_player': 'O', 'game_active': True, 'players': {'X': '127.0.0.1', 'O': '127.0.0.1'}}
2025-05-15 11:29:00,600 - INFO - Received message from ('127.0.0.1', 58296): {'type': 'reset'}
2025-05-15 11:29:00,600 - INFO - Received message: {'type': 'start', 'state': {'board': [[None, None, None], [None, None, None], [None, None, None]], 'current_player': 'X', 'game_active': True, 'players': {'X': '127.0.0.1', 'O': '127.0.0.1'}}}
2025-05-15 11:29:00,600 - INFO - Received message: {'type': 'start', 'state': {'board': [[None, None, None], [None, None, None], [None, None, None]], 'current_player': 'X', 'game_active': True, 'players': {'X': '127.0.0.1', 'O': '127.0.0.1'}}}
2025-05-15 11:29:00,601 - INFO - Game started
2025-05-15 11:29:00,601 - INFO - Game started
2025-05-15 11:29:01,647 - INFO - Making move - row: 0, col: 0, player: X
2025-05-15 11:29:01,647 - INFO - Move sent to server
2025-05-15 11:29:01,648 - INFO - Received message from ('127.0.0.1', 58296): {'type': 'move', 'row': 0, 'col': 0}
2025-05-15 11:29:01,648 - INFO - Received message: {'type': 'state_update', 'state': {'board': [['X', None, None], [None, None, None], [None, None, None]], 'current_player': 'O', 'game_active': True, 'players': {'X': '127.0.0.1', 'O': '127.0.0.1'}}}
2025-05-15 11:29:01,648 - INFO - Received message: {'type': 'state_update', 'state': {'board': [['X', None, None], [None, None, None], [None, None, None]], 'current_player': 'O', 'game_active': True, 'players': {'X': '127.0.0.1', 'O': '127.0.0.1'}}}
2025-05-15 11:29:01,649 - INFO - Received state update: {'board': [['X', None, None], [None, None, None], [None, None, None]], 'current_player': 'O', 'game_active': True, 'players': {'X': '127.0.0.1', 'O': '127.0.0.1'}}
2025-05-15 11:29:01,649 - INFO - Received state update: {'board': [['X', None, None], [None, None, None], [None, None, None]], 'current_player': 'O', 'game_active': True, 'players': {'X': '127.0.0.1', 'O': '127.0.0.1'}}
2025-05-15 11:29:04,317 - INFO - Making move - row: 1, col: 1, player: O
2025-05-15 11:29:04,317 - INFO - Move sent to server
2025-05-15 11:29:04,317 - INFO - Received message from ('127.0.0.1', 58307): {'type': 'move', 'row': 1, 'col': 1}
2025-05-15 11:29:04,318 - INFO - Received message: {'type': 'state_update', 'state': {'board': [['X', None, None], [None, 'O', None], [None, None, None]], 'current_player': 'X', 'game_active': True, 'players': {'X': '127.0.0.1', 'O': '127.0.0.1'}}}
2025-05-15 11:29:04,318 - INFO - Received message: {'type': 'state_update', 'state': {'board': [['X', None, None], [None, 'O', None], [None, None, None]], 'current_player': 'X', 'game_active': True, 'players': {'X': '127.0.0.1', 'O': '127.0.0.1'}}}
2025-05-15 11:29:04,318 - INFO - Received state update: {'board': [['X', None, None], [None, 'O', None], [None, None, None]], 'current_player': 'X', 'game_active': True, 'players': {'X': '127.0.0.1', 'O': '127.0.0.1'}}
2025-05-15 11:29:04,318 - INFO - Received state update: {'board': [['X', None, None], [None, 'O', None], [None, None, None]], 'current_player': 'X', 'game_active': True, 'players': {'X': '127.0.0.1', 'O': '127.0.0.1'}}
2025-05-15 11:29:05,637 - INFO - Making move - row: 0, col: 1, player: X
2025-05-15 11:29:05,637 - INFO - Move sent to server
2025-05-15 11:29:05,637 - INFO - Received message from ('127.0.0.1', 58296): {'type': 'move', 'row': 0, 'col': 1}
2025-05-15 11:29:05,638 - INFO - Received message: {'type': 'state_update', 'state': {'board': [['X', 'X', None], [None, 'O', None], [None, None, None]], 'current_player': 'O', 'game_active': True, 'players': {'X': '127.0.0.1', 'O': '127.0.0.1'}}}
2025-05-15 11:29:05,638 - INFO - Received state update: {'board': [['X', 'X', None], [None, 'O', None], [None, None, None]], 'current_player': 'O', 'game_active': True, 'players': {'X': '127.0.0.1', 'O': '127.0.0.1'}}
2025-05-15 11:29:05,638 - INFO - Received message: {'type': 'state_update', 'state': {'board': [['X', 'X', None], [None, 'O', None], [None, None, None]], 'current_player': 'O', 'game_active': True, 'players': {'X': '127.0.0.1', 'O': '127.0.0.1'}}}
2025-05-15 11:29:05,639 - INFO - Received state update: {'board': [['X', 'X', None], [None, 'O', None], [None, None, None]], 'current_player': 'O', 'game_active': True, 'players': {'X': '127.0.0.1', 'O': '127.0.0.1'}}
2025-05-15 11:29:06,680 - INFO - Making move - row: 2, col: 0, player: O
2025-05-15 11:29:06,680 - INFO - Move sent to server
2025-05-15 11:29:06,680 - INFO - Received message from ('127.0.0.1', 58307): {'type': 'move', 'row': 2, 'col': 0}
2025-05-15 11:29:06,681 - INFO - Received message: {'type': 'state_update', 'state': {'board': [['X', 'X', None], [None, 'O', None], ['O', None, None]], 'current_player': 'X', 'game_active': True, 'players': {'X': '127.0.0.1', 'O': '127.0.0.1'}}}
2025-05-15 11:29:06,681 - INFO - Received message: {'type': 'state_update', 'state': {'board': [['X', 'X', None], [None, 'O', None], ['O', None, None]], 'current_player': 'X', 'game_active': True, 'players': {'X': '127.0.0.1', 'O': '127.0.0.1'}}}
2025-05-15 11:29:06,681 - INFO - Received state update: {'board': [['X', 'X', None], [None, 'O', None], ['O', None, None]], 'current_player': 'X', 'game_active': True, 'players': {'X': '127.0.0.1', 'O': '127.0.0.1'}}
2025-05-15 11:29:06,682 - INFO - Received state update: {'board': [['X', 'X', None], [None, 'O', None], ['O', None, None]], 'current_player': 'X', 'game_active': True, 'players': {'X': '127.0.0.1', 'O': '127.0.0.1'}}
2025-05-15 11:29:09,676 - INFO - Making move - row: 0, col: 2, player: X
2025-05-15 11:29:09,677 - INFO - Move sent to server
2025-05-15 11:29:09,677 - INFO - Received message from ('127.0.0.1', 58296): {'type': 'move', 'row': 0, 'col': 2}
2025-05-15 11:29:09,677 - INFO - Received message: {'type': 'state_update', 'state': {'board': [['X', 'X', 'X'], [None, 'O', None], ['O', None, None]], 'current_player': 'O', 'game_active': True, 'players': {'X': '127.0.0.1', 'O': '127.0.0.1'}}}
2025-05-15 11:29:09,677 - INFO - Received message: {'type': 'state_update', 'state': {'board': [['X', 'X', 'X'], [None, 'O', None], ['O', None, None]], 'current_player': 'O', 'game_active': True, 'players': {'X': '127.0.0.1', 'O': '127.0.0.1'}}}
2025-05-15 11:29:09,678 - INFO - Received state update: {'board': [['X', 'X', 'X'], [None, 'O', None], ['O', None, None]], 'current_player': 'O', 'game_active': True, 'players': {'X': '127.0.0.1', 'O': '127.0.0.1'}}
2025-05-15 11:29:09,678 - INFO - Received state update: {'board': [['X', 'X', 'X'], [None, 'O', None], ['O', None, None]], 'current_player': 'O', 'game_active': True, 'players': {'X': '127.0.0.1', 'O': '127.0.0.1'}}
2025-05-15 11:29:09,678 - INFO - Received message: {'type': 'game_end', 'reason': 'X wins', 'state': {'board': [['X', 'X', 'X'], [None, 'O', None], ['O', None, None]], 'current_player': 'O', 'game_active': False, 'players': {'X': '127.0.0.1', 'O': '127.0.0.1'}}}
2025-05-15 11:29:09,678 - INFO - Received message: {'type': 'game_end', 'reason': 'X wins', 'state': {'board': [['X', 'X', 'X'], [None, 'O', None], ['O', None, None]], 'current_player': 'O', 'game_active': False, 'players': {'X': '127.0.0.1', 'O': '127.0.0.1'}}}
2025-05-15 11:29:09,679 - INFO - Game ended: X wins
2025-05-15 11:29:09,679 - INFO - Updating button at 0,0 with X
2025-05-15 11:29:09,679 - INFO - Updating button at 0,1 with X
2025-05-15 11:29:09,680 - INFO - Updating button at 0,2 with X
2025-05-15 11:29:09,680 - INFO - Updating button at 0,2 with X
2025-05-15 11:29:09,680 - INFO - Updating button at 1,0 with None
2025-05-15 11:29:09,680 - INFO - Updating button at 1,0 with None
2025-05-15 11:29:09,681 - INFO - Updating button at 1,1 with O
2025-05-15 11:29:09,681 - INFO - Updating button at 1,1 with O
2025-05-15 11:29:09,681 - INFO - Updating button at 1,2 with None
2025-05-15 11:29:09,681 - INFO - Updating button at 1,2 with None
2025-05-15 11:29:09,681 - INFO - Updating button at 2,0 with O
2025-05-15 11:29:09,681 - INFO - Updating button at 2,1 with None
2025-05-15 11:29:09,681 - INFO - Updating button at 2,0 with O
2025-05-15 11:29:09,682 - INFO - Updating button at 2,2 with None
2025-05-15 11:29:09,682 - INFO - Updating button at 2,1 with None
2025-05-15 11:29:09,682 - INFO - Updating button at 2,2 with None
2025-05-15 11:29:14,411 - INFO - Received message from ('127.0.0.1', 58296): {'type': 'reset'}
2025-05-15 11:29:14,411 - INFO - Received message: {'type': 'start', 'state': {'board': [[None, None, None], [None, None, None], [None, None, None]], 'current_player': 'X', 'game_active': True, 'players': {'X': '127.0.0.1', 'O': '127.0.0.1'}}}
2025-05-15 11:29:14,412 - INFO - Received message: {'type': 'start', 'state': {'board': [[None, None, None], [None, None, None], [None, None, None]], 'current_player': 'X', 'game_active': True, 'players': {'X': '127.0.0.1', 'O': '127.0.0.1'}}}
2025-05-15 11:29:14,412 - INFO - Game started
2025-05-15 11:29:14,412 - INFO - Game started
2025-05-15 11:29:15,524 - INFO - Initializing main menu
2025-05-15 11:29:15,555 - INFO - Closing game window
2025-05-15 11:29:15,555 - INFO - Closing client connection
2025-05-15 11:29:15,556 - ERROR - Error handling message from ('127.0.0.1', 58296): [WinError 10054] Удаленный хост принудительно разорвал существующее подключение
2025-05-15 11:29:15,556 - ERROR - Error processing message: [WinError 10053] Программа на вашем хост-компьютере разорвала установленное подключение
2025-05-15 11:29:15,565 - INFO - Received message: {'type': 'game_end', 'reason': 'opponent_disconnected', 'state': {'board': [[None, None, None], [None, None, None], [None, None, None]], 'current_player': 'X', 'game_active': False, 'players': {'X': None, 'O': '127.0.0.1'}}}
2025-05-15 11:29:15,565 - INFO - Game ended: opponent_disconnected
2025-05-15 11:29:15,566 - INFO - Updating button at 0,0 with None
2025-05-15 11:29:15,566 - INFO - Updating button at 0,1 with None
2025-05-15 11:29:15,567 - INFO - Updating button at 0,2 with None
2025-05-15 11:29:15,567 - INFO - Updating button at 1,0 with None
2025-05-15 11:29:15,567 - INFO - Updating button at 1,1 with None
2025-05-15 11:29:15,568 - INFO - Updating button at 1,2 with None
2025-05-15 11:29:15,568 - INFO - Updating button at 2,0 with None
2025-05-15 11:29:15,568 - INFO - Updating button at 2,1 with None
2025-05-15 11:29:15,570 - INFO - Updating button at 2,2 with None
2025-05-15 11:29:17,535 - INFO - Initializing main menu
2025-05-15 11:29:17,564 - INFO - Closing game window
2025-05-15 11:29:17,564 - INFO - Closing client connection
2025-05-15 11:29:17,565 - ERROR - Error handling message from ('127.0.0.1', 58307): [WinError 10054] Удаленный хост принудительно разорвал существующее подключение
2025-05-15 11:29:17,571 - ERROR - Error processing message: [WinError 10053] Программа на вашем хост-компьютере разорвала установленное подключение
2025-05-15 11:35:34,668 - INFO - Starting application
2025-05-15 11:35:34,744 - INFO - Initializing main menu
2025-05-15 11:35:38,379 - INFO - Starting application
2025-05-15 11:35:38,449 - INFO - Initializing main menu
2025-05-15 11:35:51,265 - INFO - Starting game - Mode: Онлайн - хост, Board size: 3, Player: Alex1
2025-05-15 11:35:51,266 - INFO - Starting online game as host
2025-05-15 11:35:51,278 - INFO - Initializing game window - Mode: host, Board size: 3
2025-05-15 11:35:51,280 - INFO - Server started on 0.0.0.0:8765
2025-05-15 11:35:51,299 - INFO - Initializing client with host: localhost
2025-05-15 11:35:51,299 - INFO - Connecting to localhost:8765
2025-05-15 11:35:51,304 - INFO - Connected successfully
2025-05-15 11:35:51,304 - INFO - New connection from ('127.0.0.1', 58661)
2025-05-15 11:35:51,304 - INFO - Successfully connected to server
2025-05-15 11:35:51,305 - INFO - Received message: {'type': 'assign', 'symbol': 'X', 'player_names': {'X': 'Alex1', 'O': None}}
2025-05-15 11:35:51,331 - INFO - Assigned symbol: X
2025-05-15 11:36:09,608 - INFO - Starting game - Mode: Онлайн - клиент, Board size: 3, Player: Alex2
2025-05-15 11:36:09,609 - INFO - Starting online game as client
2025-05-15 11:36:09,609 - INFO - Initializing game window - Mode: client, Board size: 3
2025-05-15 11:36:09,622 - INFO - Initializing client with host: localhost
2025-05-15 11:36:09,622 - INFO - Connecting to localhost:8765
2025-05-15 11:36:09,627 - INFO - Connected successfully
7.0.0.1', 58672)
2025-05-15 11:36:09,627 - INFO - Successfully connected to server
2025-05-15 11:36:09,628 - INFO - Received message: {'type': 'start', 'state': {'board': [[None, None, None], [None, None, None], [None, None, None]], 'current_player': 'X', 'game_active': True, 'players': {'X': '127.0.0.1', 'O': '127.0.0.1'}, 'player_names': {'X': 'Alex1', 'O': 'Alex2'}}}
2025-05-15 11:36:09,628 - INFO - Game started
2025-05-15 11:36:09,628 - INFO - Received message: {'type': 'assign', 'symbol': 'O', 'player_names': {'X': 'Alex1', 'O': 'Alex2'}}
2025-05-15 11:36:09,655 - INFO - Assigned symbol: O
2025-05-15 11:36:09,660 - INFO - Received message: {'type': 'start', 'state': {'board': [[None, None, None], [None, None, None], [None, None, None]], 'current_player': 'X', 'game_active': True, 'players': {'X': '127.0.0.1', 'O': '127.0.0.1'}, 'player_names': {'X': 'Alex1', 'O': 'Alex2'}}}
2025-05-15 11:36:09,660 - INFO - Game started
2025-05-15 11:36:12,622 - INFO - Making move - row: 0, col: 0, player: X
2025-05-15 11:36:12,622 - INFO - Move sent to server
2025-05-15 11:36:12,622 - INFO - Received message from ('127.0.0.1', 58661): {'type': 'move', 'row': 0, 'col': 0}
2025-05-15 11:36:12,624 - INFO - Received message: {'type': 'state_update', 'state': {'board': [['X', None, None], [None, None, None], [None, None, None]], 'current_player': 'O', 'game_active': True, 'players': {'X': '127.0.0.1', 'O': '127.0.0.1'}, 'player_names': {'X': 'Alex1', 'O': 'Alex2'}}}
2025-05-15 11:36:12,624 - INFO - Received message: {'type': 'state_update', 'state': {'board': [['X', None, None], [None, None, None], [None, None, None]], 'current_player': 'O', 'game_active': True, 'players': {'X': '127.0.0.1', 'O': '127.0.0.1'}, 'player_names': {'X': 'Alex1', 'O': 'Alex2'}}}
2025-05-15 11:36:12,624 - INFO - Received state update: {'board': [['X', None, None], [None, None, None], [None, None, None]], 'current_player': 'O', 'game_active': True, 'players': {'X': '127.0.0.1', 'O': '127.0.0.1'}, 'player_names': {'X': 'Alex1', 'O': 'Alex2'}}
2025-05-15 11:36:16,228 - INFO - Making move - row: 0, col: 1, player: O
2025-05-15 11:36:16,228 - INFO - Move sent to server
2025-05-15 11:36:16,228 - INFO - Received message from ('127.0.0.1', 58672): {'type': 'move', 'row': 0, 'col': 1}
2025-05-15 11:36:16,228 - INFO - Received message: {'type': 'state_update', 'state': {'board': [['X', 'O', None], [None, None, None], [None, None, None]], 'current_player': 'X', 'game_active': True, 'players': {'X': '127.0.0.1', 'O': '127.0.0.1'}, 'player_names': {'X': 'Alex1', 'O': 'Alex2'}}}
2025-05-15 11:36:16,229 - INFO - Received message: {'type': 'state_update', 'state': {'board': [['X', 'O', None], [None, None, None], [None, None, None]], 'current_player': 'X', 'game_active': True, 'players': {'X': '127.0.0.1', 'O': '127.0.0.1'}, 'player_names': {'X': 'Alex1', 'O': 'Alex2'}}}
2025-05-15 11:36:16,229 - INFO - Received state update: {'board': [['X', 'O', None], [None, None, None], [None, None, None]], 'current_player': 'X', 'game_active': True, 'players': {'X': '127.0.0.1', 'O': '127.0.0.1'}, 'player_names': {'X': 'Alex1', 'O': 'Alex2'}}
2025-05-15 11:36:16,229 - INFO - Received state update: {'board': [['X', 'O', None], [None, None, None], [None, None, None]], 'current_player': 'X', 'game_active': True, 'players': {'X': '127.0.0.1', 'O': '127.0.0.1'}, 'player_names': {'X': 'Alex1', 'O': 'Alex2'}}
2025-05-15 11:36:18,704 - INFO - Making move - row: 1, col: 1, player: X
2025-05-15 11:36:18,704 - INFO - Move sent to server
2025-05-15 11:36:18,705 - INFO - Received message from ('127.0.0.1', 58661): {'type': 'move', 'row': 1, 'col': 1}
2025-05-15 11:36:18,705 - INFO - Received message: {'type': 'state_update', 'state': {'board': [['X', 'O', None], [None, 'X', None], [None, None, None]], 'current_player': 'O', 'game_active': True, 'players': {'X': '127.0.0.1', 'O': '127.0.0.1'}, 'player_names': {'X': 'Alex1', 'O': 'Alex2'}}}
2025-05-15 11:36:18,705 - INFO - Received message: {'type': 'state_update', 'state': {'board': [['X', 'O', None], [None, 'X', None], [None, None, None]], 'current_player': 'O', 'game_active': True, 'players': {'X': '127.0.0.1', 'O': '127.0.0.1'}, 'player_names': {'X': 'Alex1', 'O': 'Alex2'}}}
2025-05-15 11:36:18,706 - INFO - Received state update: {'board': [['X', 'O', None], [None, 'X', None], [None, None, None]], 'current_player': 'O', 'game_active': True, 'players': {'X': '127.0.0.1', 'O': '127.0.0.1'}, 'player_names': {'X': 'Alex1', 'O': 'Alex2'}}
2025-05-15 11:36:18,706 - INFO - Received state update: {'board': [['X', 'O', None], [None, 'X', None], [None, None, None]], 'current_player': 'O', 'game_active': True, 'players': {'X': '127.0.0.1', 'O': '127.0.0.1'}, 'player_names': {'X': 'Alex1', 'O': 'Alex2'}}
2025-05-15 11:36:19,834 - INFO - Making move - row: 0, col: 2, player: O
2025-05-15 11:36:19,835 - INFO - Move sent to server
2025-05-15 11:36:19,835 - INFO - Received message from ('127.0.0.1', 58672): {'type': 'move', 'row': 0, 'col': 2}
2025-05-15 11:36:19,835 - INFO - Received message: {'type': 'state_update', 'state': {'board': [['X', 'O', 'O'], [None, 'X', None], [None, None, None]], 'current_player': 'X', 'game_active': True, 'players': {'X': '127.0.0.1', 'O': '127.0.0.1'}, 'player_names': {'X': 'Alex1', 'O': 'Alex2'}}}
2025-05-15 11:36:19,835 - INFO - Received message: {'type': 'state_update', 'state': {'board': [['X', 'O', 'O'], [None, 'X', None], [None, None, None]], 'current_player': 'X', 'game_active': True, 'players': {'X': '127.0.0.1', 'O': '127.0.0.1'}, 'player_names': {'X': 'Alex1', 'O': 'Alex2'}}}
2025-05-15 11:36:19,836 - INFO - Received state update: {'board': [['X', 'O', 'O'], [None, 'X', None], [None, None, None]], 'current_player': 'X', 'game_active': True, 'players': {'X': '127.0.0.1', 'O': '127.0.0.1'}, 'player_names': {'X': 'Alex1', 'O': 'Alex2'}}
2025-05-15 11:36:19,836 - INFO - Received state update: {'board': [['X', 'O', 'O'], [None, 'X', None], [None, None, None]], 'current_player': 'X', 'game_active': True, 'players': {'X': '127.0.0.1', 'O': '127.0.0.1'}, 'player_names': {'X': 'Alex1', 'O': 'Alex2'}}
2025-05-15 11:36:21,805 - INFO - Making move - row: 2, col: 2, player: X
2025-05-15 11:36:21,806 - INFO - Received message from ('127.0.0.1', 58661): {'type': 'move', 'row': 2, 'col': 2}
2025-05-15 11:36:21,806 - INFO - Move sent to server
2025-05-15 11:36:21,806 - INFO - Received message: {'type': 'state_update', 'state': {'board': [['X', 'O', 'O'], [None, 'X', None], [None, None, 'X']], 'current_player': 'O', 'game_active': True, 'players': {'X': '127.0.0.1', 'O': '127.0.0.1'}, 'player_names': {'X': 'Alex1', 'O': 'Alex2'}}}
2025-05-15 11:36:21,806 - INFO - Received message: {'type': 'state_update', 'state': {'board': [['X', 'O', 'O'], [None, 'X', None], [None, None, 'X']], 'current_player': 'O', 'game_active': True, 'players': {'X': '127.0.0.1', 'O': '127.0.0.1'}, 'player_names': {'X': 'Alex1', 'O': 'Alex2'}}}
2025-05-15 11:36:21,807 - INFO - Received state update: {'board': [['X', 'O', 'O'], [None, 'X', None], [None, None, 'X']], 'current_player': 'O', 'game_active': True, 'players': {'X': '127.0.0.1', 'O': '127.0.0.1'}, 'player_names': {'X': 'Alex1', 'O': 'Alex2'}}
2025-05-15 11:36:21,807 - INFO - Received state update: {'board': [['X', 'O', 'O'], [None, 'X', None], [None, None, 'X']], 'current_player': 'O', 'game_active': True, 'players': {'X': '127.0.0.1', 'O': '127.0.0.1'}, 'player_names': {'X': 'Alex1', 'O': 'Alex2'}}
2025-05-15 11:36:21,807 - INFO - Received message: {'type': 'game_end', 'reason': 'Alex1 wins!', 'state': {'board': [['X', 'O', 'O'], [None, 'X', None], [None, None, 'X']], 'current_player': 'O', 'game_active': False, 'players': {'X': '127.0.0.1', 'O': '127.0.0.1'}, 'player_names': {'X': 'Alex1', 'O': 'Alex2'}}, 'win_line': [[2, 2], [1, 1], [0, 0]]}
2025-05-15 11:36:21,808 - INFO - Game ended: Alex1 wins!
2025-05-15 11:36:21,808 - INFO - Game ended: Alex1 wins!
2025-05-15 11:36:21,808 - INFO - Updating button at 0,0 with X
2025-05-15 11:36:21,808 - INFO - Updating button at 0,0 with X
2025-05-15 11:36:21,808 - INFO - Updating button at 0,1 with O
2025-05-15 11:36:21,809 - INFO - Updating button at 0,1 with O
2025-05-15 11:36:21,809 - INFO - Updating button at 0,2 with O
2025-05-15 11:36:21,809 - INFO - Updating button at 0,2 with O
2025-05-15 11:36:21,809 - INFO - Updating button at 1,0 with None
2025-05-15 11:36:21,809 - INFO - Updating button at 1,1 with X
e
2025-05-15 11:36:21,810 - INFO - Updating button at 1,2 with None
2025-05-15 11:36:21,810 - INFO - Updating button at 1,2 with None
2025-05-15 11:36:21,810 - INFO - Updating button at 2,0 with None
2025-05-15 11:36:21,810 - INFO - Updating button at 2,0 with None
2025-05-15 11:36:21,810 - INFO - Updating button at 2,1 with None
2025-05-15 11:36:21,810 - INFO - Updating button at 2,1 with None
2025-05-15 11:36:21,810 - INFO - Updating button at 2,2 with X
2025-05-15 11:36:21,811 - INFO - Updating button at 2,2 with X
2025-05-15 11:36:33,936 - INFO - Received message from ('127.0.0.1', 58672): {'type': 'reset'}
2025-05-15 11:36:33,937 - INFO - Received message: {'type': 'start', 'state': {'board': [[None, None, None], [None, None, None], [None, None, None]], 'current_player': 'X', 'game_active': True, 'players': {'X': '127.0.0.1', 'O': '127.0.0.1'}, 'player_names': {'X': 'Alex1', 'O': 'Alex2'}}}
2025-05-15 11:36:33,937 - INFO - Received message: {'type': 'start', 'state': {'board': [[None, None, None], [None, None, None], [None, None, None]], 'current_player': 'X', 'game_active': True, 'players': {'X': '127.0.0.1', 'O': '127.0.0.1'}, 'player_names': {'X': 'Alex1', 'O': 'Alex2'}}}
2025-05-15 11:36:33,937 - INFO - Game started
2025-05-15 11:36:33,937 - INFO - Game started
2025-05-15 11:36:38,150 - INFO - Making move - row: 2, col: 2, player: X
2025-05-15 11:36:38,151 - INFO - Received message from ('127.0.0.1', 58661): {'type': 'move', 'row': 2, 'col': 2}
2025-05-15 11:36:38,151 - INFO - Move sent to server
2025-05-15 11:36:38,152 - INFO - Received message: {'type': 'state_update', 'state': {'board': [[None, None, None], [None, None, None], [None, None, 'X']], 'current_player': 'O', 'game_active': True, 'players': {'X': '127.0.0.1', 'O': '127.0.0.1'}, 'player_names': {'X': 'Alex1', 'O': 'Alex2'}}}
2025-05-15 11:36:38,152 - INFO - Received message: {'type': 'state_update', 'state': {'board': [[None, None, None], [None, None, None], [None, None, 'X']], 'current_player': 'O', 'game_active': True, 'players': {'X': '127.0.0.1', 'O': '127.0.0.1'}, 'player_names': {'X': 'Alex1', 'O': 'Alex2'}}}
2025-05-15 11:36:38,152 - INFO - Received state update: {'board': [[None, None, None], [None, None, None], [None, None, 'X']], 'current_player': 'O', 'game_active': True, 'players': {'X': '127.0.0.1', 'O': '127.0.0.1'}, 'player_names': {'X': 'Alex1', 'O': 'Alex2'}}
2025-05-15 11:38:38,643 - INFO - Received message from ('127.0.0.1', 58661): {'type': 'reset'}
2025-05-15 11:38:38,643 - INFO - Received message: {'type': 'start', 'state': {'board': [[None, None, None], [None, None, None], [None, None, None]], 'current_player': 'X', 'game_active': True, 'players': {'X': '127.0.0.1', 'O': '127.0.0.1'}, 'player_names': {'X': 'Alex1', 'O': 'Alex2'}}}
2025-05-15 11:38:38,643 - INFO - Received message: {'type': 'start', 'state': {'board': [[None, None, None], [None, None, None], [None, None, None]], 'current_player': 'X', 'game_active': True, 'players': {'X': '127.0.0.1', 'O': '127.0.0.1'}, 'player_names': {'X': 'Alex1', 'O': 'Alex2'}}}
2025-05-15 11:38:38,643 - INFO - Game started
2025-05-15 11:38:38,643 - INFO - Game started
2025-05-15 11:38:41,821 - INFO - Making move - row: 0, col: 2, player: X
2025-05-15 11:38:41,821 - INFO - Move sent to server
2025-05-15 11:38:41,821 - INFO - Received message from ('127.0.0.1', 58661): {'type': 'move', 'row': 0, 'col': 2}
2025-05-15 11:38:41,822 - INFO - Received message: {'type': 'state_update', 'state': {'board': [[None, None, 'X'], [None, None, None], [None, None, None]], 'current_player': 'O', 'game_active': True, 'players': {'X': '127.0.0.1', 'O': '127.0.0.1'}, 'player_names': {'X': 'Alex1', 'O': 'Alex2'}}}
2025-05-15 11:38:41,822 - INFO - Received message: {'type': 'state_update', 'state': {'board': [[None, None, 'X'], [None, None, None], [None, None, None]], 'current_player': 'O', 'game_active': True, 'players': {'X': '127.0.0.1', 'O': '127.0.0.1'}, 'player_names': {'X': 'Alex1', 'O': 'Alex2'}}}
2025-05-15 11:38:41,822 - INFO - Received state update: {'board': [[None, None, 'X'], [None, None, None], [None, None, None]], 'current_player': 'O', 'game_active': True, 'players': {'X': '127.0.0.1', 'O': '127.0.0.1'}, 'player_names': {'X': 'Alex1', 'O': 'Alex2'}}
2025-05-15 11:38:41,822 - INFO - Received state update: {'board': [[None, None, 'X'], [None, None, None], [None, None, None]], 'current_player': 'O', 'game_active': True, 'players': {'X': '127.0.0.1', 'O': '127.0.0.1'}, 'player_names': {'X': 'Alex1', 'O': 'Alex2'}}
2025-05-15 11:38:43,991 - INFO - Making move - row: 0, col: 1, player: O
2025-05-15 11:38:43,992 - INFO - Move sent to server
2025-05-15 11:38:43,992 - INFO - Received message from ('127.0.0.1', 58672): {'type': 'move', 'row': 0, 'col': 1}
2025-05-15 11:38:43,993 - INFO - Received message: {'type': 'state_update', 'state': {'board': [[None, 'O', 'X'], [None, None, None], [None, None, None]], 'current_player': 'X', 'game_active': True, 'players': {'X': '127.0.0.1', 'O': '127.0.0.1'}, 'player_names': {'X': 'Alex1', 'O': 'Alex2'}}}
2025-05-15 11:38:43,993 - INFO - Received state update: {'board': [[None, 'O', 'X'], [None, None, None], [None, None, None]], 'current_player': 'X', 'game_active': True, 'players': {'X': '127.0.0.1', 'O': '127.0.0.1'}, 'player_names': {'X': 'Alex1', 'O': 'Alex2'}}
2025-05-15 11:38:43,993 - INFO - Received message: {'type': 'state_update', 'state': {'board': [[None, 'O', 'X'], [None, None, None], [None, None, None]], 'current_player': 'X', 'game_active': True, 'players': {'X': '127.0.0.1', 'O': '127.0.0.1'}, 'player_names': {'X': 'Alex1', 'O': 'Alex2'}}}
2025-05-15 11:38:43,993 - INFO - Received state update: {'board': [[None, 'O', 'X'], [None, None, None], [None, None, None]], 'current_player': 'X', 'game_active': True, 'players': {'X': '127.0.0.1', 'O': '127.0.0.1'}, 'player_names': {'X': 'Alex1', 'O': 'Alex2'}}
2025-05-15 11:38:44,912 - INFO - Making move - row: 1, col: 1, player: X
2025-05-15 11:38:44,912 - INFO - Move sent to server
2025-05-15 11:38:44,912 - INFO - Received message from ('127.0.0.1', 58661): {'type': 'move', 'row': 1, 'col': 1}
2025-05-15 11:38:44,913 - INFO - Received message: {'type': 'state_update', 'state': {'board': [[None, 'O', 'X'], [None, 'X', None], [None, None, None]], 'current_player': 'O', 'game_active': True, 'players': {'X': '127.0.0.1', 'O': '127.0.0.1'}, 'player_names': {'X': 'Alex1', 'O': 'Alex2'}}}
2025-05-15 11:38:44,913 - INFO - Received message: {'type': 'state_update', 'state': {'board': [[None, 'O', 'X'], [None, 'X', None], [None, None, None]], 'current_player': 'O', 'game_active': True, 'players': {'X': '127.0.0.1', 'O': '127.0.0.1'}, 'player_names': {'X': 'Alex1', 'O': 'Alex2'}}}
2025-05-15 11:38:44,913 - INFO - Received state update: {'board': [[None, 'O', 'X'], [None, 'X', None], [None, None, None]], 'current_player': 'O', 'game_active': True, 'players': {'X': '127.0.0.1', 'O': '127.0.0.1'}, 'player_names': {'X': 'Alex1', 'O': 'Alex2'}}
2025-05-15 11:38:44,914 - INFO - Received state update: {'board': [[None, 'O', 'X'], [None, 'X', None], [None, None, None]], 'current_player': 'O', 'game_active': True, 'players': {'X': '127.0.0.1', 'O': '127.0.0.1'}, 'player_names': {'X': 'Alex1', 'O': 'Alex2'}}
2025-05-15 11:38:47,548 - INFO - Making move - row: 0, col: 0, player: O
2025-05-15 11:38:47,549 - INFO - Move sent to server
2025-05-15 11:38:47,549 - INFO - Received message from ('127.0.0.1', 58672): {'type': 'move', 'row': 0, 'col': 0}
2025-05-15 11:38:47,550 - INFO - Received message: {'type': 'state_update', 'state': {'board': [['O', 'O', 'X'], [None, 'X', None], [None, None, None]], 'current_player': 'X', 'game_active': True, 'players': {'X': '127.0.0.1', 'O': '127.0.0.1'}, 'player_names': {'X': 'Alex1', 'O': 'Alex2'}}}
2025-05-15 11:38:47,550 - INFO - Received message: {'type': 'state_update', 'state': {'board': [['O', 'O', 'X'], [None, 'X', None], [None, None, None]], 'current_player': 'X', 'game_active': True, 'players': {'X': '127.0.0.1', 'O': '127.0.0.1'}, 'player_names': {'X': 'Alex1', 'O': 'Alex2'}}}
2025-05-15 11:38:47,550 - INFO - Received state update: {'board': [['O', 'O', 'X'], [None, 'X', None], [None, None, None]], 'current_player': 'X', 'game_active': True, 'players': {'X': '127.0.0.1', 'O': '127.0.0.1'}, 'player_names': {'X': 'Alex1', 'O': 'Alex2'}}
2025-05-15 11:38:47,550 - INFO - Received state update: {'board': [['O', 'O', 'X'], [None, 'X', None], [None, None, None]], 'current_player': 'X', 'game_active': True, 'players': {'X': '127.0.0.1', 'O': '127.0.0.1'}, 'player_names': {'X': 'Alex1', 'O': 'Alex2'}}
2025-05-15 11:38:48,366 - INFO - Making move - row: 2, col: 0, player: X
2025-05-15 11:38:48,366 - INFO - Move sent to server
2025-05-15 11:38:48,366 - INFO - Received message from ('127.0.0.1', 58661): {'type': 'move', 'row': 2, 'col': 0}
2025-05-15 11:38:48,367 - INFO - Received message: {'type': 'state_update', 'state': {'board': [['O', 'O', 'X'], [None, 'X', None], ['X', None, None]], 'current_player': 'O', 'game_active': True, 'players': {'X': '127.0.0.1', 'O': '127.0.0.1'}, 'player_names': {'X': 'Alex1', 'O': 'Alex2'}}}
2025-05-15 11:38:48,367 - INFO - Received message: {'type': 'state_update', 'state': {'board': [['O', 'O', 'X'], [None, 'X', None], ['X', None, None]], 'current_player': 'O', 'game_active': True, 'players': {'X': '127.0.0.1', 'O': '127.0.0.1'}, 'player_names': {'X': 'Alex1', 'O': 'Alex2'}}}
2025-05-15 11:38:48,367 - INFO - Received state update: {'board': [['O', 'O', 'X'], [None, 'X', None], ['X', None, None]], 'current_player': 'O', 'game_active': True, 'players': {'X': '127.0.0.1', 'O': '127.0.0.1'}, 'player_names': {'X': 'Alex1', 'O': 'Alex2'}}
2025-05-15 11:38:48,367 - INFO - Received state update: {'board': [['O', 'O', 'X'], [None, 'X', None], ['X', None, None]], 'current_player': 'O', 'game_active': True, 'players': {'X': '127.0.0.1', 'O': '127.0.0.1'}, 'player_names': {'X': 'Alex1', 'O': 'Alex2'}}
2025-05-15 11:38:48,368 - INFO - Received message: {'type': 'game_end', 'reason': 'Alex1 wins!', 'state': {'board': [['O', 'O', 'X'], [None, 'X', None], ['X', None, None]], 'current_player': 'O', 'game_active': False, 'players': {'X': '127.0.0.1', 'O': '127.0.0.1'}, 'player_names': {'X': 'Alex1', 'O': 'Alex2'}}, 'win_line': [[2, 0], [1, 1], [0, 2]]}
2025-05-15 11:38:48,368 - INFO - Received message: {'type': 'game_end', 'reason': 'Alex1 wins!', 'state': {'board': [['O', 'O', 'X'], [None, 'X', None], ['X', None, None]], 'current_player': 'O', 'game_active': False, 'players': {'X': '127.0.0.1', 'O': '127.0.0.1'}, 'player_names': {'X': 'Alex1', 'O': 'Alex2'}}, 'win_line': [[2, 0], [1, 1], [0, 2]]}
2025-05-15 11:38:48,368 - INFO - Game ended: Alex1 wins!
2025-05-15 11:38:48,368 - INFO - Game ended: Alex1 wins!
2025-05-15 11:38:48,369 - INFO - Updating button at 0,0 with O
2025-05-15 11:38:48,369 - INFO - Updating button at 0,0 with O
2025-05-15 11:38:48,369 - INFO - Updating button at 0,1 with O
2025-05-15 11:38:48,369 - INFO - Updating button at 0,1 with O
2025-05-15 11:38:48,369 - INFO - Updating button at 0,2 with X
2025-05-15 11:38:48,369 - INFO - Updating button at 0,2 with X
2025-05-15 11:38:48,370 - INFO - Updating button at 1,0 with None
2025-05-15 11:38:48,370 - INFO - Updating button at 1,0 with None
2025-05-15 11:38:48,370 - INFO - Updating button at 1,1 with X
2025-05-15 11:38:48,370 - INFO - Updating button at 1,1 with X
2025-05-15 11:38:48,370 - INFO - Updating button at 1,2 with None
2025-05-15 11:38:48,370 - INFO - Updating button at 1,2 with None
2025-05-15 11:38:48,371 - INFO - Updating button at 2,0 with X
2025-05-15 11:38:48,371 - INFO - Updating button at 2,0 with X
2025-05-15 11:38:48,371 - INFO - Updating button at 2,1 with None
2025-05-15 11:38:48,371 - INFO - Updating button at 2,2 with None
2025-05-15 11:38:48,372 - INFO - Updating button at 2,2 with None
2025-05-15 11:38:52,711 - INFO - Initializing main menu
2025-05-15 11:38:52,744 - INFO - Closing game window
2025-05-15 11:38:52,750 - INFO - Closing client connection
2025-05-15 11:38:52,750 - ERROR - Error handling message from ('127.0.0.1', 58661): [WinError 10054] Удаленный хост принудительно разорвал существующее подключение
2025-05-15 11:38:52,758 - ERROR - Error processing message: [WinError 10053] Программа на вашем хост-компьютере разорвала установленное подключение
2025-05-15 11:38:52,758 - INFO - Received message: {'type': 'game_end', 'reason': 'opponent_disconnected', 'state': {'board': [['O', 'O', 'X'], [None, 'X', None], ['X', None, None]], 'current_player': 'O', 'game_active': False, 'players': {'X': None, 'O': '127.0.0.1'}, 'player_names': {'X': 'Alex1', 'O': 'Alex2'}}}
2025-05-15 11:38:52,759 - INFO - Game ended: opponent_disconnected
2025-05-15 11:38:52,759 - INFO - Updating button at 0,0 with O
2025-05-15 11:38:52,759 - INFO - Updating button at 0,1 with O
2025-05-15 11:38:52,760 - INFO - Updating button at 0,2 with X
2025-05-15 11:38:52,760 - INFO - Updating button at 1,0 with None
2025-05-15 11:38:52,760 - INFO - Updating button at 1,1 with X
2025-05-15 11:38:52,761 - INFO - Updating button at 1,2 with None
2025-05-15 11:38:52,761 - INFO - Updating button at 2,0 with X
2025-05-15 11:38:52,761 - INFO - Updating button at 2,1 with None
2025-05-15 11:38:52,762 - INFO - Updating button at 2,2 with None
2025-05-15 11:38:55,002 - INFO - Initializing main menu
2025-05-15 11:38:55,034 - INFO - Closing game window
2025-05-15 11:38:55,035 - INFO - Closing client connection
2025-05-15 11:38:55,036 - ERROR - Error handling message from ('127.0.0.1', 58672): [WinError 10054] Удаленный хост принудительно разорвал существующее подключение
2025-05-15 11:38:55,036 - ERROR - Error processing message: [WinError 10053] Программа на вашем хост-компьютере разорвала установленное подключение
2025-05-15 11:40:33,774 - INFO - Starting application
2025-05-15 11:40:33,854 - INFO - Initializing main menu
2025-05-15 11:40:38,588 - INFO - Starting application
2025-05-15 11:40:38,656 - INFO - Initializing main menu
2025-05-15 11:40:47,470 - INFO - Starting game - Mode: Онлайн - хост, Board size: 3, Player: Alex1
2025-05-15 11:40:47,470 - INFO - Starting online game as host
2025-05-15 11:40:47,470 - INFO - Initializing game window - Mode: host, Board size: 3
2025-05-15 11:40:47,470 - INFO - Server started on 0.0.0.0:8765
2025-05-15 11:40:47,487 - INFO - Initializing client with host: localhost
2025-05-15 11:40:47,487 - INFO - Connecting to localhost:8765
2025-05-15 11:40:47,491 - INFO - Connected successfully
2025-05-15 11:40:47,492 - INFO - New connection from ('127.0.0.1', 59128)
2025-05-15 11:40:47,492 - INFO - Successfully connected to server
2025-05-15 11:40:47,514 - INFO - Received message: {'type': 'assign', 'symbol': 'X', 'player_names': {'X': 'Alex1', 'O': None}}
2025-05-15 11:40:47,519 - INFO - Assigned symbol: X
2025-05-15 11:40:59,074 - INFO - Starting game - Mode: Онлайн - клиент, Board size: 3, Player: Alex2
2025-05-15 11:40:59,074 - INFO - Starting online game as client
2025-05-15 11:40:59,074 - INFO - Initializing game window - Mode: client, Board size: 3
2025-05-15 11:40:59,086 - INFO - Initializing client with host: localhost
2025-05-15 11:40:59,086 - INFO - Connecting to localhost:8765
2025-05-15 11:40:59,090 - INFO - Connected successfully
2025-05-15 11:40:59,090 - INFO - New connection from ('127.0.0.1', 59136)
2025-05-15 11:40:59,091 - INFO - Successfully connected to server
2025-05-15 11:40:59,092 - INFO - Received message: {'type': 'start', 'state': {'board': [[None, None, None], [None, None, None], [None, None, None]], 'current_player': 'X', 'game_active': True, 'players': {'X': '127.0.0.1', 'O': '127.0.0.1'}, 'player_names': {'X': 'Alex1', 'O': 'Alex2'}}}
2025-05-15 11:40:59,092 - INFO - Game started
2025-05-15 11:40:59,091 - INFO - Received message: {'type': 'assign', 'symbol': 'O', 'player_names': {'X': 'Alex1', 'O': 'Alex2'}}
2025-05-15 11:40:59,126 - INFO - Assigned symbol: O
2025-05-15 11:40:59,126 - INFO - Received message: {'type': 'start', 'state': {'board': [[None, None, None], [None, None, None], [None, None, None]], 'current_player': 'X', 'game_active': True, 'players': {'X': '127.0.0.1', 'O': '127.0.0.1'}, 'player_names': {'X': 'Alex1', 'O': 'Alex2'}}}
2025-05-15 11:40:59,127 - INFO - Game started
2025-05-15 11:41:04,498 - INFO - Making move - row: 0, col: 0, player: X
2025-05-15 11:41:04,498 - INFO - Move sent to server
2025-05-15 11:41:04,498 - INFO - Received message from ('127.0.0.1', 59128): {'type': 'move', 'row': 0, 'col': 0}
2025-05-15 11:41:04,499 - INFO - Received message: {'type': 'state_update', 'state': {'board': [['X', None, None], [None, None, None], [None, None, None]], 'current_player': 'O', 'game_active': True, 'players': {'X': '127.0.0.1', 'O': '127.0.0.1'}, 'player_names': {'X': 'Alex1', 'O': 'Alex2'}}}
2025-05-15 11:41:04,499 - INFO - Received state update: {'board': [['X', None, None], [None, None, None], [None, None, None]], 'current_player': 'O', 'game_active': True, 'players': {'X': '127.0.0.1', 'O': '127.0.0.1'}, 'player_names': {'X': 'Alex1', 'O': 'Alex2'}}
2025-05-15 11:41:04,499 - INFO - Received message: {'type': 'state_update', 'state': {'board': [['X', None, None], [None, None, None], [None, None, None]], 'current_player': 'O', 'game_active': True, 'players': {'X': '127.0.0.1', 'O': '127.0.0.1'}, 'player_names': {'X': 'Alex1', 'O': 'Alex2'}}}
2025-05-15 11:41:04,499 - INFO - Received state update: {'board': [['X', None, None], [None, None, None], [None, None, None]], 'current_player': 'O', 'game_active': True, 'players': {'X': '127.0.0.1', 'O': '127.0.0.1'}, 'player_names': {'X': 'Alex1', 'O': 'Alex2'}}
2025-05-15 11:41:08,337 - INFO - Making move - row: 0, col: 2, player: O
2025-05-15 11:41:08,337 - INFO - Move sent to server
2025-05-15 11:41:08,337 - INFO - Received message from ('127.0.0.1', 59136): {'type': 'move', 'row': 0, 'col': 2}
2025-05-15 11:41:08,338 - INFO - Received message: {'type': 'state_update', 'state': {'board': [['X', None, 'O'], [None, None, None], [None, None, None]], 'current_player': 'X', 'game_active': True, 'players': {'X': '127.0.0.1', 'O': '127.0.0.1'}, 'player_names': {'X': 'Alex1', 'O': 'Alex2'}}}
2025-05-15 11:41:08,339 - INFO - Received state update: {'board': [['X', None, 'O'], [None, None, None], [None, None, None]], 'current_player': 'X', 'game_active': True, 'players': {'X': '127.0.0.1', 'O': '127.0.0.1'}, 'player_names': {'X': 'Alex1', 'O': 'Alex2'}}
2025-05-15 11:41:08,339 - INFO - Received state update: {'board': [['X', None, 'O'], [None, None, None], [None, None, None]], 'current_player': 'X', 'game_active': True, 'players': {'X': '127.0.0.1', 'O': '127.0.0.1'}, 'player_names': {'X': 'Alex1', 'O': 'Alex2'}}
2025-05-15 11:41:09,778 - INFO - Making move - row: 0, col: 1, player: X
2025-05-15 11:41:09,779 - INFO - Received message from ('127.0.0.1', 59128): {'type': 'move', 'row': 0, 'col': 1}
2025-05-15 11:41:09,779 - INFO - Move sent to server
2025-05-15 11:41:09,779 - INFO - Received message: {'type': 'state_update', 'state': {'board': [['X', 'X', 'O'], [None, None, None], [None, None, None]], 'current_player': 'O', 'game_active': True, 'players': {'X': '127.0.0.1', 'O': '127.0.0.1'}, 'player_names': {'X': 'Alex1', 'O': 'Alex2'}}}
2025-05-15 11:41:09,780 - INFO - Received message: {'type': 'state_update', 'state': {'board': [['X', 'X', 'O'], [None, None, None], [None, None, None]], 'current_player': 'O', 'game_active': True, 'players': {'X': '127.0.0.1', 'O': '127.0.0.1'}, 'player_names': {'X': 'Alex1', 'O': 'Alex2'}}}
2025-05-15 11:41:09,780 - INFO - Received state update: {'board': [['X', 'X', 'O'], [None, None, None], [None, None, None]], 'current_player': 'O', 'game_active': True, 'players': {'X': '127.0.0.1', 'O': '127.0.0.1'}, 'player_names': {'X': 'Alex1', 'O': 'Alex2'}}
2025-05-15 11:41:09,780 - INFO - Received state update: {'board': [['X', 'X', 'O'], [None, None, None], [None, None, None]], 'current_player': 'O', 'game_active': True, 'players': {'X': '127.0.0.1', 'O': '127.0.0.1'}, 'player_names': {'X': 'Alex1', 'O': 'Alex2'}}
2025-05-15 11:41:10,981 - INFO - Making move - row: 1, col: 1, player: O
2025-05-15 11:41:10,981 - INFO - Move sent to server
2025-05-15 11:41:10,981 - INFO - Received message from ('127.0.0.1', 59136): {'type': 'move', 'row': 1, 'col': 1}
2025-05-15 11:41:10,982 - INFO - Received message: {'type': 'state_update', 'state': {'board': [['X', 'X', 'O'], [None, 'O', None], [None, None, None]], 'current_player': 'X', 'game_active': True, 'players': {'X': '127.0.0.1', 'O': '127.0.0.1'}, 'player_names': {'X': 'Alex1', 'O': 'Alex2'}}}
2025-05-15 11:41:10,982 - INFO - Received message: {'type': 'state_update', 'state': {'board': [['X', 'X', 'O'], [None, 'O', None], [None, None, None]], 'current_player': 'X', 'game_active': True, 'players': {'X': '127.0.0.1', 'O': '127.0.0.1'}, 'player_names': {'X': 'Alex1', 'O': 'Alex2'}}}
2025-05-15 11:41:10,982 - INFO - Received state update: {'board': [['X', 'X', 'O'], [None, 'O', None], [None, None, None]], 'current_player': 'X', 'game_active': True, 'players': {'X': '127.0.0.1', 'O': '127.0.0.1'}, 'player_names': {'X': 'Alex1', 'O': 'Alex2'}}
2025-05-15 11:41:10,982 - INFO - Received state update: {'board': [['X', 'X', 'O'], [None, 'O', None], [None, None, None]], 'current_player': 'X', 'game_active': True, 'players': {'X': '127.0.0.1', 'O': '127.0.0.1'}, 'player_names': {'X': 'Alex1', 'O': 'Alex2'}}
2025-05-15 11:41:11,902 - INFO - Making move - row: 1, col: 0, player: X
2025-05-15 11:41:11,902 - INFO - Move sent to server
2025-05-15 11:41:11,902 - INFO - Received message from ('127.0.0.1', 59128): {'type': 'move', 'row': 1, 'col': 0}
2025-05-15 11:41:11,903 - INFO - Received message: {'type': 'state_update', 'state': {'board': [['X', 'X', 'O'], ['X', 'O', None], [None, None, None]], 'current_player': 'O', 'game_active': True, 'players': {'X': '127.0.0.1', 'O': '127.0.0.1'}, 'player_names': {'X': 'Alex1', 'O': 'Alex2'}}}
2025-05-15 11:41:11,903 - INFO - Received message: {'type': 'state_update', 'state': {'board': [['X', 'X', 'O'], ['X', 'O', None], [None, None, None]], 'current_player': 'O', 'game_active': True, 'players': {'X': '127.0.0.1', 'O': '127.0.0.1'}, 'player_names': {'X': 'Alex1', 'O': 'Alex2'}}}
2025-05-15 11:41:11,903 - INFO - Received state update: {'board': [['X', 'X', 'O'], ['X', 'O', None], [None, None, None]], 'current_player': 'O', 'game_active': True, 'players': {'X': '127.0.0.1', 'O': '127.0.0.1'}, 'player_names': {'X': 'Alex1', 'O': 'Alex2'}}
2025-05-15 11:41:11,903 - INFO - Received state update: {'board': [['X', 'X', 'O'], ['X', 'O', None], [None, None, None]], 'current_player': 'O', 'game_active': True, 'players': {'X': '127.0.0.1', 'O': '127.0.0.1'}, 'player_names': {'X': 'Alex1', 'O': 'Alex2'}}
2025-05-15 11:41:12,991 - INFO - Making move - row: 2, col: 0, player: O
2025-05-15 11:41:12,991 - INFO - Move sent to server
2025-05-15 11:41:12,991 - INFO - Received message from ('127.0.0.1', 59136): {'type': 'move', 'row': 2, 'col': 0}
2025-05-15 11:41:12,992 - INFO - Received message: {'type': 'state_update', 'state': {'board': [['X', 'X', 'O'], ['X', 'O', None], ['O', None, None]], 'current_player': 'X', 'game_active': True, 'players': {'X': '127.0.0.1', 'O': '127.0.0.1'}, 'player_names': {'X': 'Alex1', 'O': 'Alex2'}}}
2025-05-15 11:41:12,992 - INFO - Received message: {'type': 'state_update', 'state': {'board': [['X', 'X', 'O'], ['X', 'O', None], ['O', None, None]], 'current_player': 'X', 'game_active': True, 'players': {'X': '127.0.0.1', 'O': '127.0.0.1'}, 'player_names': {'X': 'Alex1', 'O': 'Alex2'}}}
2025-05-15 11:41:12,992 - INFO - Received state update: {'board': [['X', 'X', 'O'], ['X', 'O', None], ['O', None, None]], 'current_player': 'X', 'game_active': True, 'players': {'X': '127.0.0.1', 'O': '127.0.0.1'}, 'player_names': {'X': 'Alex1', 'O': 'Alex2'}}
2025-05-15 11:41:12,992 - INFO - Received state update: {'board': [['X', 'X', 'O'], ['X', 'O', None], ['O', None, None]], 'current_player': 'X', 'game_active': True, 'players': {'X': '127.0.0.1', 'O': '127.0.0.1'}, 'player_names': {'X': 'Alex1', 'O': 'Alex2'}}
2025-05-15 11:41:12,993 - INFO - Received message: {'type': 'game_end', 'reason': 'Alex2 wins!', 'state': {'board': [['X', 'X', 'O'], ['X', 'O', None], ['O', None, None]], 'current_player': 'X', 'game_active': False, 'players': {'X': '127.0.0.1', 'O': '127.0.0.1'}, 'player_names': {'X': 'Alex1', 'O': 'Alex2'}}, 'win_line': [[2, 0], [1, 1], [0, 2]]}
2025-05-15 11:41:12,993 - INFO - Received message: {'type': 'game_end', 'reason': 'Alex2 wins!', 'state': {'board': [['X', 'X', 'O'], ['X', 'O', None], ['O', None, None]], 'current_player': 'X', 'game_active': False, 'players': {'X': '127.0.0.1', 'O': '127.0.0.1'}, 'player_names': {'X': 'Alex1', 'O': 'Alex2'}}, 'win_line': [[2, 0], [1, 1], [0, 2]]}
2025-05-15 11:41:12,993 - INFO - Game ended: Alex2 wins!
2025-05-15 11:41:12,993 - INFO - Game ended: Alex2 wins!
2025-05-15 11:41:12,995 - INFO - Updating button at 0,0 with X
2025-05-15 11:41:12,996 - INFO - Updating button at 0,1 with X
2025-05-15 11:41:12,996 - INFO - Updating button at 0,2 with O
2025-05-15 11:41:12,996 - INFO - Updating button at 1,0 with X
2025-05-15 11:41:12,996 - INFO - Updating button at 1,1 with O
2025-05-15 11:41:12,996 - INFO - Updating button at 1,2 with None
2025-05-15 11:41:12,998 - INFO - Updating button at 2,0 with O
2025-05-15 11:41:12,998 - INFO - Updating button at 2,1 with None
2025-05-15 11:41:12,998 - INFO - Updating button at 2,2 with None
2025-05-15 11:41:13,019 - ERROR - Error processing message: [WinError 10054] Удаленный хост принудительно разорвал существующее подключение
2025-05-15 11:41:19,401 - ERROR - Not connected to server
2025-05-15 11:41:24,915 - INFO - Initializing main menu
2025-05-15 11:41:24,948 - INFO - Closing game window
2025-05-15 11:41:24,949 - INFO - Closing client connection
2025-05-15 11:43:12,602 - INFO - Starting application
2025-05-15 11:43:12,704 - INFO - Initializing main menu
2025-05-15 11:43:16,608 - INFO - Starting application
2025-05-15 11:43:16,676 - INFO - Initializing main menu
2025-05-15 11:43:22,718 - INFO - Starting game - Mode: Онлайн - хост, Board size: 3, Player: Alex1
2025-05-15 11:43:22,718 - INFO - Starting online game as host
2025-05-15 11:43:22,728 - INFO - Initializing game window - Mode: host, Board size: 3
2025-05-15 11:43:22,734 - INFO - Server started on 0.0.0.0:8765
2025-05-15 11:43:22,738 - INFO - Initializing client with host: localhost
2025-05-15 11:43:22,738 - INFO - Connecting to localhost:8765
2025-05-15 11:43:22,743 - INFO - New connection from ('127.0.0.1', 59253)
2025-05-15 11:43:22,743 - INFO - Connected successfully
2025-05-15 11:43:22,744 - INFO - Successfully connected to server
2025-05-15 11:43:22,744 - INFO - Received message: {'type': 'assign', 'symbol': 'X', 'player_names': {'X': 'Alex1', 'O': None}}
2025-05-15 11:43:22,767 - INFO - Assigned symbol: X
2025-05-15 11:43:35,476 - INFO - Starting game - Mode: Онлайн - клиент, Board size: 3, Player: Alex2
2025-05-15 11:43:35,477 - INFO - Starting online game as client
2025-05-15 11:43:35,477 - INFO - Initializing game window - Mode: client, Board size: 3
2025-05-15 11:43:35,490 - INFO - Initializing client with host: localhost
2025-05-15 11:43:35,490 - INFO - Connecting to localhost:8765
2025-05-15 11:43:35,494 - INFO - Connected successfully
2025-05-15 11:43:35,494 - INFO - New connection from ('127.0.0.1', 59262)
2025-05-15 11:43:35,495 - INFO - Successfully connected to server
2025-05-15 11:43:35,495 - INFO - Received message: {'type': 'start', 'state': {'board': [[None, None, None], [None, None, None], [None, None, None]], 'current_player': 'X', 'game_active': True, 'players': {'X': '127.0.0.1', 'O': '127.0.0.1'}, 'player_names': {'X': 'Alex1', 'O': 'Alex2'}}}
2025-05-15 11:43:35,495 - INFO - Game started
2025-05-15 11:43:35,495 - INFO - Received message: {'type': 'assign', 'symbol': 'O', 'player_names': {'X': 'Alex1', 'O': 'Alex2'}}
2025-05-15 11:43:35,528 - INFO - Assigned symbol: O
2025-05-15 11:43:35,528 - INFO - Received message: {'type': 'start', 'state': {'board': [[None, None, None], [None, None, None], [None, None, None]], 'current_player': 'X', 'game_active': True, 'players': {'X': '127.0.0.1', 'O': '127.0.0.1'}, 'player_names': {'X': 'Alex1', 'O': 'Alex2'}}}
2025-05-15 11:43:35,529 - INFO - Game started
2025-05-15 11:43:40,043 - INFO - Making move - row: 0, col: 1, player: X
2025-05-15 11:43:40,044 - INFO - Received message from ('127.0.0.1', 59253): {'type': 'move', 'row': 0, 'col': 1}
2025-05-15 11:43:40,044 - INFO - Move sent to server
2025-05-15 11:43:40,044 - INFO - Received message: {'type': 'state_update', 'state': {'board': [[None, 'X', None], [None, None, None], [None, None, None]], 'current_player': 'O', 'game_active': True, 'players': {'X': '127.0.0.1', 'O': '127.0.0.1'}, 'player_names': {'X': 'Alex1', 'O': 'Alex2'}}}
2025-05-15 11:43:40,044 - INFO - Received message: {'type': 'state_update', 'state': {'board': [[None, 'X', None], [None, None, None], [None, None, None]], 'current_player': 'O', 'game_active': True, 'players': {'X': '127.0.0.1', 'O': '127.0.0.1'}, 'player_names': {'X': 'Alex1', 'O': 'Alex2'}}}
2025-05-15 11:43:40,045 - INFO - Received state update: {'board': [[None, 'X', None], [None, None, None], [None, None, None]], 'current_player': 'O', 'game_active': True, 'players': {'X': '127.0.0.1', 'O': '127.0.0.1'}, 'player_names': {'X': 'Alex1', 'O': 'Alex2'}}
2025-05-15 11:43:41,223 - INFO - Making move - row: 0, col: 2, player: O
2025-05-15 11:43:41,224 - INFO - Move sent to server
2025-05-15 11:43:41,224 - INFO - Received message from ('127.0.0.1', 59262): {'type': 'move', 'row': 0, 'col': 2}
2025-05-15 11:43:41,224 - INFO - Received message: {'type': 'state_update', 'state': {'board': [[None, 'X', 'O'], [None, None, None], [None, None, None]], 'current_player': 'X', 'game_active': True, 'players': {'X': '127.0.0.1', 'O': '127.0.0.1'}, 'player_names': {'X': 'Alex1', 'O': 'Alex2'}}}
2025-05-15 11:43:41,225 - INFO - Received message: {'type': 'state_update', 'state': {'board': [[None, 'X', 'O'], [None, None, None], [None, None, None]], 'current_player': 'X', 'game_active': True, 'players': {'X': '127.0.0.1', 'O': '127.0.0.1'}, 'player_names': {'X': 'Alex1', 'O': 'Alex2'}}}
2025-05-15 11:43:41,225 - INFO - Received state update: {'board': [[None, 'X', 'O'], [None, None, None], [None, None, None]], 'current_player': 'X', 'game_active': True, 'players': {'X': '127.0.0.1', 'O': '127.0.0.1'}, 'player_names': {'X': 'Alex1', 'O': 'Alex2'}}
2025-05-15 11:43:41,225 - INFO - Received state update: {'board': [[None, 'X', 'O'], [None, None, None], [None, None, None]], 'current_player': 'X', 'game_active': True, 'players': {'X': '127.0.0.1', 'O': '127.0.0.1'}, 'player_names': {'X': 'Alex1', 'O': 'Alex2'}}
2025-05-15 11:43:42,118 - INFO - Making move - row: 0, col: 0, player: X
2025-05-15 11:43:42,118 - INFO - Move sent to server
2025-05-15 11:43:42,118 - INFO - Received message from ('127.0.0.1', 59253): {'type': 'move', 'row': 0, 'col': 0}
2025-05-15 11:43:42,119 - INFO - Received message: {'type': 'state_update', 'state': {'board': [['X', 'X', 'O'], [None, None, None], [None, None, None]], 'current_player': 'O', 'game_active': True, 'players': {'X': '127.0.0.1', 'O': '127.0.0.1'}, 'player_names': {'X': 'Alex1', 'O': 'Alex2'}}}
2025-05-15 11:43:42,119 - INFO - Received message: {'type': 'state_update', 'state': {'board': [['X', 'X', 'O'], [None, None, None], [None, None, None]], 'current_player': 'O', 'game_active': True, 'players': {'X': '127.0.0.1', 'O': '127.0.0.1'}, 'player_names': {'X': 'Alex1', 'O': 'Alex2'}}}
2025-05-15 11:43:42,119 - INFO - Received state update: {'board': [['X', 'X', 'O'], [None, None, None], [None, None, None]], 'current_player': 'O', 'game_active': True, 'players': {'X': '127.0.0.1', 'O': '127.0.0.1'}, 'player_names': {'X': 'Alex1', 'O': 'Alex2'}}
2025-05-15 11:43:42,120 - INFO - Received state update: {'board': [['X', 'X', 'O'], [None, None, None], [None, None, None]], 'current_player': 'O', 'game_active': True, 'players': {'X': '127.0.0.1', 'O': '127.0.0.1'}, 'player_names': {'X': 'Alex1', 'O': 'Alex2'}}
2025-05-15 11:43:43,119 - INFO - Making move - row: 1, col: 1, player: O
2025-05-15 11:43:43,119 - INFO - Move sent to server
2025-05-15 11:43:43,120 - INFO - Received message from ('127.0.0.1', 59262): {'type': 'move', 'row': 1, 'col': 1}
2025-05-15 11:43:43,120 - INFO - Received message: {'type': 'state_update', 'state': {'board': [['X', 'X', 'O'], [None, 'O', None], [None, None, None]], 'current_player': 'X', 'game_active': True, 'players': {'X': '127.0.0.1', 'O': '127.0.0.1'}, 'player_names': {'X': 'Alex1', 'O': 'Alex2'}}}
2025-05-15 11:43:43,120 - INFO - Received message: {'type': 'state_update', 'state': {'board': [['X', 'X', 'O'], [None, 'O', None], [None, None, None]], 'current_player': 'X', 'game_active': True, 'players': {'X': '127.0.0.1', 'O': '127.0.0.1'}, 'player_names': {'X': 'Alex1', 'O': 'Alex2'}}}
2025-05-15 11:43:43,121 - INFO - Received state update: {'board': [['X', 'X', 'O'], [None, 'O', None], [None, None, None]], 'current_player': 'X', 'game_active': True, 'players': {'X': '127.0.0.1', 'O': '127.0.0.1'}, 'player_names': {'X': 'Alex1', 'O': 'Alex2'}}
2025-05-15 11:43:43,121 - INFO - Received state update: {'board': [['X', 'X', 'O'], [None, 'O', None], [None, None, None]], 'current_player': 'X', 'game_active': True, 'players': {'X': '127.0.0.1', 'O': '127.0.0.1'}, 'player_names': {'X': 'Alex1', 'O': 'Alex2'}}
2025-05-15 11:43:43,938 - INFO - Making move - row: 1, col: 0, player: X
2025-05-15 11:43:43,938 - INFO - Move sent to server
2025-05-15 11:43:43,938 - INFO - Received message from ('127.0.0.1', 59253): {'type': 'move', 'row': 1, 'col': 0}
2025-05-15 11:43:43,939 - INFO - Received message: {'type': 'state_update', 'state': {'board': [['X', 'X', 'O'], ['X', 'O', None], [None, None, None]], 'current_player': 'O', 'game_active': True, 'players': {'X': '127.0.0.1', 'O': '127.0.0.1'}, 'player_names': {'X': 'Alex1', 'O': 'Alex2'}}}
2025-05-15 11:43:43,939 - INFO - Received message: {'type': 'state_update', 'state': {'board': [['X', 'X', 'O'], ['X', 'O', None], [None, None, None]], 'current_player': 'O', 'game_active': True, 'players': {'X': '127.0.0.1', 'O': '127.0.0.1'}, 'player_names': {'X': 'Alex1', 'O': 'Alex2'}}}
2025-05-15 11:43:43,940 - INFO - Received state update: {'board': [['X', 'X', 'O'], ['X', 'O', None], [None, None, None]], 'current_player': 'O', 'game_active': True, 'players': {'X': '127.0.0.1', 'O': '127.0.0.1'}, 'player_names': {'X': 'Alex1', 'O': 'Alex2'}}
2025-05-15 11:43:44,633 - INFO - Making move - row: 2, col: 0, player: O
2025-05-15 11:43:44,633 - INFO - Move sent to server
2025-05-15 11:43:44,634 - INFO - Received message from ('127.0.0.1', 59262): {'type': 'move', 'row': 2, 'col': 0}
2025-05-15 11:43:44,634 - INFO - Received message: {'type': 'state_update', 'state': {'board': [['X', 'X', 'O'], ['X', 'O', None], ['O', None, None]], 'current_player': 'X', 'game_active': True, 'players': {'X': '127.0.0.1', 'O': '127.0.0.1'}, 'player_names': {'X': 'Alex1', 'O': 'Alex2'}}}
2025-05-15 11:43:44,634 - INFO - Received message: {'type': 'state_update', 'state': {'board': [['X', 'X', 'O'], ['X', 'O', None], ['O', None, None]], 'current_player': 'X', 'game_active': True, 'players': {'X': '127.0.0.1', 'O': '127.0.0.1'}, 'player_names': {'X': 'Alex1', 'O': 'Alex2'}}}
2025-05-15 11:43:44,634 - INFO - Received state update: {'board': [['X', 'X', 'O'], ['X', 'O', None], ['O', None, None]], 'current_player': 'X', 'game_active': True, 'players': {'X': '127.0.0.1', 'O': '127.0.0.1'}, 'player_names': {'X': 'Alex1', 'O': 'Alex2'}}
2025-05-15 11:43:44,635 - INFO - Received message: {'type': 'game_end', 'reason': 'Alex2 wins!', 'state': {'board': [['X', 'X', 'O'], ['X', 'O', None], ['O', None, None]], 'current_player': 'X', 'game_active': False, 'players': {'X': '127.0.0.1', 'O': '127.0.0.1'}, 'player_names': {'X': 'Alex1', 'O': 'Alex2'}}, 'win_line': [[2, 0], [1, 1], [0, 2]]}
2025-05-15 11:43:44,636 - INFO - Game ended: Alex2 wins!
2025-05-15 11:43:44,636 - INFO - Game ended: Alex2 wins!
2025-05-15 11:47:05,671 - INFO - Starting application
2025-05-15 11:47:05,741 - INFO - Initializing main menu
2025-05-15 11:47:10,621 - INFO - Starting application
2025-05-15 11:47:10,693 - INFO - Initializing main menu
2025-05-15 11:47:20,391 - INFO - Starting game - Mode: Онлайн - хост, Board size: 3, Player: Alex1
2025-05-15 11:47:20,391 - INFO - Starting online game as host
2025-05-15 11:47:20,407 - INFO - Initializing game window - Mode: host, Board size: 3
2025-05-15 11:47:20,413 - INFO - Server started on 0.0.0.0:8765
2025-05-15 11:47:20,414 - INFO - Initializing client with host: localhost
2025-05-15 11:47:20,414 - INFO - Connecting to localhost:8765
2025-05-15 11:47:20,422 - INFO - Connected successfully
2025-05-15 11:47:20,422 - INFO - New connection from ('127.0.0.1', 59499)
2025-05-15 11:47:20,422 - INFO - Successfully connected to server
2025-05-15 11:47:20,437 - INFO - Received message: {'type': 'assign', 'symbol': 'X', 'player_names': {'X': 'Alex1', 'O': None}}
2025-05-15 11:47:20,452 - INFO - Assigned symbol: X
2025-05-15 11:47:31,802 - INFO - Starting game - Mode: Онлайн - клиент, Board size: 3, Player: Alex2
2025-05-15 11:47:31,803 - INFO - Starting online game as client
2025-05-15 11:47:31,803 - INFO - Initializing game window - Mode: client, Board size: 3
2025-05-15 11:47:31,816 - INFO - Initializing client with host: localhost
2025-05-15 11:47:31,816 - INFO - Connecting to localhost:8765
2025-05-15 11:47:31,820 - INFO - Connected successfully
2025-05-15 11:47:31,820 - INFO - New connection from ('127.0.0.1', 59512)
2025-05-15 11:47:31,821 - INFO - Successfully connected to server
2025-05-15 11:47:31,821 - INFO - Received message: {'type': 'start', 'state': {'board': [[None, None, None], [None, None, None], [None, None, None]], 'current_player': 'X', 'game_active': True, 'players': {'X': '127.0.0.1', 'O': '127.0.0.1'}, 'player_names': {'X': 'Alex1', 'O': 'Alex2'}}}
2025-05-15 11:47:31,822 - INFO - Game started
2025-05-15 11:47:31,821 - INFO - Received message: {'type': 'assign', 'symbol': 'O', 'player_names': {'X': 'Alex1', 'O': 'Alex2'}}
2025-05-15 11:47:31,854 - INFO - Assigned symbol: O
2025-05-15 11:47:31,855 - INFO - Received message: {'type': 'start', 'state': {'board': [[None, None, None], [None, None, None], [None, None, None]], 'current_player': 'X', 'game_active': True, 'players': {'X': '127.0.0.1', 'O': '127.0.0.1'}, 'player_names': {'X': 'Alex1', 'O': 'Alex2'}}}
2025-05-15 11:47:31,855 - INFO - Game started
2025-05-15 11:47:36,704 - INFO - Making move - row: 0, col: 0, player: X
2025-05-15 11:47:36,705 - INFO - Move sent to server
2025-05-15 11:47:36,705 - INFO - Received message from ('127.0.0.1', 59499): {'type': 'move', 'row': 0, 'col': 0}
2025-05-15 11:47:36,705 - INFO - Received message: {'type': 'state_update', 'state': {'board': [['X', None, None], [None, None, None], [None, None, None]], 'current_player': 'O', 'game_active': True, 'players': {'X': '127.0.0.1', 'O': '127.0.0.1'}, 'player_names': {'X': 'Alex1', 'O': 'Alex2'}}}
2025-05-15 11:47:36,705 - INFO - Received message: {'type': 'state_update', 'state': {'board': [['X', None, None], [None, None, None], [None, None, None]], 'current_player': 'O', 'game_active': True, 'players': {'X': '127.0.0.1', 'O': '127.0.0.1'}, 'player_names': {'X': 'Alex1', 'O': 'Alex2'}}}
2025-05-15 11:47:36,706 - INFO - Received state update: {'board': [['X', None, None], [None, None, None], [None, None, None]], 'current_player': 'O', 'game_active': True, 'players': {'X': '127.0.0.1', 'O': '127.0.0.1'}, 'player_names': {'X': 'Alex1', 'O': 'Alex2'}}
2025-05-15 11:47:36,706 - INFO - Received state update: {'board': [['X', None, None], [None, None, None], [None, None, None]], 'current_player': 'O', 'game_active': True, 'players': {'X': '127.0.0.1', 'O': '127.0.0.1'}, 'player_names': {'X': 'Alex1', 'O': 'Alex2'}}
2025-05-15 11:47:39,172 - INFO - Making move - row: 0, col: 2, player: O
2025-05-15 11:47:39,173 - INFO - Move sent to server
2025-05-15 11:47:39,173 - INFO - Received message from ('127.0.0.1', 59512): {'type': 'move', 'row': 0, 'col': 2}
2025-05-15 11:47:39,173 - INFO - Received message: {'type': 'state_update', 'state': {'board': [['X', None, 'O'], [None, None, None], [None, None, None]], 'current_player': 'X', 'game_active': True, 'players': {'X': '127.0.0.1', 'O': '127.0.0.1'}, 'player_names': {'X': 'Alex1', 'O': 'Alex2'}}}
2025-05-15 11:47:39,174 - INFO - Received message: {'type': 'state_update', 'state': {'board': [['X', None, 'O'], [None, None, None], [None, None, None]], 'current_player': 'X', 'game_active': True, 'players': {'X': '127.0.0.1', 'O': '127.0.0.1'}, 'player_names': {'X': 'Alex1', 'O': 'Alex2'}}}
2025-05-15 11:47:39,174 - INFO - Received state update: {'board': [['X', None, 'O'], [None, None, None], [None, None, None]], 'current_player': 'X', 'game_active': True, 'players': {'X': '127.0.0.1', 'O': '127.0.0.1'}, 'player_names': {'X': 'Alex1', 'O': 'Alex2'}}
2025-05-15 11:47:39,174 - INFO - Received state update: {'board': [['X', None, 'O'], [None, None, None], [None, None, None]], 'current_player': 'X', 'game_active': True, 'players': {'X': '127.0.0.1', 'O': '127.0.0.1'}, 'player_names': {'X': 'Alex1', 'O': 'Alex2'}}
2025-05-15 11:47:41,246 - INFO - Making move - row: 0, col: 1, player: X
2025-05-15 11:47:41,246 - INFO - Received message from ('127.0.0.1', 59499): {'type': 'move', 'row': 0, 'col': 1}
2025-05-15 11:47:41,246 - INFO - Move sent to server
2025-05-15 11:47:41,247 - INFO - Received message: {'type': 'state_update', 'state': {'board': [['X', 'X', 'O'], [None, None, None], [None, None, None]], 'current_player': 'O', 'game_active': True, 'players': {'X': '127.0.0.1', 'O': '127.0.0.1'}, 'player_names': {'X': 'Alex1', 'O': 'Alex2'}}}
2025-05-15 11:47:41,247 - INFO - Received message: {'type': 'state_update', 'state': {'board': [['X', 'X', 'O'], [None, None, None], [None, None, None]], 'current_player': 'O', 'game_active': True, 'players': {'X': '127.0.0.1', 'O': '127.0.0.1'}, 'player_names': {'X': 'Alex1', 'O': 'Alex2'}}}
2025-05-15 11:47:41,248 - INFO - Received state update: {'board': [['X', 'X', 'O'], [None, None, None], [None, None, None]], 'current_player': 'O', 'game_active': True, 'players': {'X': '127.0.0.1', 'O': '127.0.0.1'}, 'player_names': {'X': 'Alex1', 'O': 'Alex2'}}
2025-05-15 11:47:42,639 - INFO - Making move - row: 1, col: 1, player: O
2025-05-15 11:47:42,640 - INFO - Move sent to server
2025-05-15 11:47:42,640 - INFO - Received message from ('127.0.0.1', 59512): {'type': 'move', 'row': 1, 'col': 1}
2025-05-15 11:47:42,641 - INFO - Received message: {'type': 'state_update', 'state': {'board': [['X', 'X', 'O'], [None, 'O', None], [None, None, None]], 'current_player': 'X', 'game_active': True, 'players': {'X': '127.0.0.1', 'O': '127.0.0.1'}, 'player_names': {'X': 'Alex1', 'O': 'Alex2'}}}
2025-05-15 11:47:42,641 - INFO - Received message: {'type': 'state_update', 'state': {'board': [['X', 'X', 'O'], [None, 'O', None], [None, None, None]], 'current_player': 'X', 'game_active': True, 'players': {'X': '127.0.0.1', 'O': '127.0.0.1'}, 'player_names': {'X': 'Alex1', 'O': 'Alex2'}}}
2025-05-15 11:47:42,641 - INFO - Received state update: {'board': [['X', 'X', 'O'], [None, 'O', None], [None, None, None]], 'current_player': 'X', 'game_active': True, 'players': {'X': '127.0.0.1', 'O': '127.0.0.1'}, 'player_names': {'X': 'Alex1', 'O': 'Alex2'}}
2025-05-15 11:47:42,641 - INFO - Received state update: {'board': [['X', 'X', 'O'], [None, 'O', None], [None, None, None]], 'current_player': 'X', 'game_active': True, 'players': {'X': '127.0.0.1', 'O': '127.0.0.1'}, 'player_names': {'X': 'Alex1', 'O': 'Alex2'}}
2025-05-15 11:47:43,905 - INFO - Making move - row: 1, col: 2, player: X
2025-05-15 11:47:43,905 - INFO - Move sent to server
2025-05-15 11:47:43,905 - INFO - Received message from ('127.0.0.1', 59499): {'type': 'move', 'row': 1, 'col': 2}
2025-05-15 11:47:43,906 - INFO - Received message: {'type': 'state_update', 'state': {'board': [['X', 'X', 'O'], [None, 'O', 'X'], [None, None, None]], 'current_player': 'O', 'game_active': True, 'players': {'X': '127.0.0.1', 'O': '127.0.0.1'}, 'player_names': {'X': 'Alex1', 'O': 'Alex2'}}}
2025-05-15 11:47:43,906 - INFO - Received message: {'type': 'state_update', 'state': {'board': [['X', 'X', 'O'], [None, 'O', 'X'], [None, None, None]], 'current_player': 'O', 'game_active': True, 'players': {'X': '127.0.0.1', 'O': '127.0.0.1'}, 'player_names': {'X': 'Alex1', 'O': 'Alex2'}}}
2025-05-15 11:47:43,906 - INFO - Received state update: {'board': [['X', 'X', 'O'], [None, 'O', 'X'], [None, None, None]], 'current_player': 'O', 'game_active': True, 'players': {'X': '127.0.0.1', 'O': '127.0.0.1'}, 'player_names': {'X': 'Alex1', 'O': 'Alex2'}}
2025-05-15 11:47:43,907 - INFO - Received state update: {'board': [['X', 'X', 'O'], [None, 'O', 'X'], [None, None, None]], 'current_player': 'O', 'game_active': True, 'players': {'X': '127.0.0.1', 'O': '127.0.0.1'}, 'player_names': {'X': 'Alex1', 'O': 'Alex2'}}
2025-05-15 11:47:45,564 - INFO - Making move - row: 2, col: 0, player: O
2025-05-15 11:47:45,565 - INFO - Received message from ('127.0.0.1', 59512): {'type': 'move', 'row': 2, 'col': 0}
2025-05-15 11:47:45,565 - INFO - Received message: {'type': 'state_update', 'state': {'board': [['X', 'X', 'O'], [None, 'O', 'X'], ['O', None, None]], 'current_player': 'X', 'game_active': True, 'players': {'X': '127.0.0.1', 'O': '127.0.0.1'}, 'player_names': {'X': 'Alex1', 'O': 'Alex2'}}}
2025-05-15 11:47:45,566 - INFO - Received state update: {'board': [['X', 'X', 'O'], [None, 'O', 'X'], ['O', None, None]], 'current_player': 'X', 'game_active': True, 'players': {'X': '127.0.0.1', 'O': '127.0.0.1'}, 'player_names': {'X': 'Alex1', 'O': 'Alex2'}}
2025-05-15 11:47:45,566 - INFO - Received state update: {'board': [['X', 'X', 'O'], [None, 'O', 'X'], ['O', None, None]], 'current_player': 'X', 'game_active': True, 'players': {'X': '127.0.0.1', 'O': '127.0.0.1'}, 'player_names': {'X': 'Alex1', 'O': 'Alex2'}}
2025-05-15 11:47:45,566 - INFO - Received message: {'type': 'game_end', 'reason': 'Alex2 wins!', 'state': {'board': [['X', 'X', 'O'], [None, 'O', 'X'], ['O', None, None]], 'current_player': 'X', 'game_active': False, 'players': {'X': '127.0.0.1', 'O': '127.0.0.1'}, 'player_names': {'X': 'Alex1', 'O': 'Alex2'}}, 'win_line': [[2, 0], [1, 1], [0, 2]]}
2025-05-15 11:47:45,567 - INFO - Game ended: Alex2 wins!
2025-05-15 11:47:45,566 - INFO - Received message: {'type': 'game_end', 'reason': 'Alex2 wins!', 'state': {'board': [['X', 'X', 'O'], [None, 'O', 'X'], ['O', None, None]], 'current_player': 'X', 'game_active': False, 'players': {'X': '127.0.0.1', 'O': '127.0.0.1'}, 'player_names': {'X': 'Alex1', 'O': 'Alex2'}}, 'win_line': [[2, 0], [1, 1], [0, 2]]}
2025-05-15 11:47:45,567 - INFO - Game ended: Alex2 wins!
2025-05-15 11:47:45,570 - INFO - Updating button at 0,0 with X
2025-05-15 11:47:45,570 - INFO - Updating button at 0,1 with X
2025-05-15 11:47:45,572 - INFO - Updating button at 0,2 with O
2025-05-15 11:47:45,572 - INFO - Updating button at 1,0 with None
2025-05-15 11:47:45,572 - INFO - Updating button at 1,1 with O
2025-05-15 11:47:45,572 - INFO - Updating button at 1,2 with X
2025-05-15 11:47:45,573 - INFO - Updating button at 2,0 with O
2025-05-15 11:47:45,574 - INFO - Updating button at 2,1 with None
2025-05-15 11:47:45,574 - INFO - Updating button at 2,2 with None
2025-05-15 11:47:45,589 - INFO - Connection reset by server
2025-05-15 11:47:45,589 - INFO - Game ended: Connection reset by server
2025-05-15 11:47:55,277 - ERROR - Not connected to server
2025-05-15 11:47:56,619 - INFO - Initializing main menu
2025-05-15 11:47:56,651 - INFO - Closing game window
2025-05-15 11:47:56,651 - INFO - Closing client connection
2025-05-15 11:47:56,652 - INFO - Initializing main menu
2025-05-15 11:48:49,698 - INFO - Starting application
2025-05-15 11:48:49,769 - INFO - Initializing main menu
2025-05-15 11:48:55,225 - INFO - Starting application
2025-05-15 11:48:55,304 - INFO - Initializing main menu
2025-05-15 11:49:08,504 - INFO - Starting game - Mode: Онлайн - хост, Board size: 3, Player: Alex
2025-05-15 11:49:08,504 - INFO - Starting online game as host
2025-05-15 11:49:08,510 - INFO - Initializing game window - Mode: host, Board size: 3
2025-05-15 11:49:08,510 - INFO - Server started on 0.0.0.0:8765
2025-05-15 11:49:08,528 - INFO - Initializing client with host: localhost
2025-05-15 11:49:08,528 - INFO - Connecting to localhost:8765
2025-05-15 11:49:08,532 - INFO - Connected successfully
2025-05-15 11:49:08,532 - INFO - New connection from ('127.0.0.1', 59601)
2025-05-15 11:49:08,532 - INFO - Successfully connected to server
2025-05-15 11:49:08,554 - INFO - Received message: {'type': 'assign', 'symbol': 'X', 'player_names': {'X': 'Alex', 'O': None}}
2025-05-15 11:49:08,554 - INFO - Assigned symbol: X
2025-05-15 11:49:15,176 - INFO - Starting game - Mode: Онлайн - клиент, Board size: 3, Player: Fox
2025-05-15 11:49:15,177 - INFO - Starting online game as client
2025-05-15 11:49:15,177 - INFO - Initializing game window - Mode: client, Board size: 3
2025-05-15 11:49:15,190 - INFO - Initializing client with host: localhost
2025-05-15 11:49:15,190 - INFO - Connecting to localhost:8765
2025-05-15 11:49:15,195 - INFO - Connected successfully
7.0.0.1', 59606)
2025-05-15 11:49:15,196 - INFO - Successfully connected to server
2025-05-15 11:49:15,196 - INFO - Received message: {'type': 'start', 'state': {'board': [[None, None, None], [None, None, None], [None, None, None]], 'current_player': 'X', 'game_active': True, 'players': {'X': '127.0.0.1', 'O': '127.0.0.1'}, 'player_names': {'X': 'Alex', 'O': 'Fox'}}}
2025-05-15 11:49:15,196 - INFO - Game started
2025-05-15 11:49:15,196 - INFO - Received message: {'type': 'assign', 'symbol': 'O', 'player_names': {'X': 'Alex', 'O': 'Fox'}}
2025-05-15 11:49:15,228 - INFO - Assigned symbol: O
2025-05-15 11:49:15,229 - INFO - Received message: {'type': 'start', 'state': {'board': [[None, None, None], [None, None, None], [None, None, None]], 'current_player': 'X', 'game_active': True, 'players': {'X': '127.0.0.1', 'O': '127.0.0.1'}, 'player_names': {'X': 'Alex', 'O': 'Fox'}}}
2025-05-15 11:49:15,229 - INFO - Game started
2025-05-15 11:49:21,913 - INFO - Making move - row: 0, col: 0, player: X
2025-05-15 11:49:21,914 - INFO - Move sent to server
2025-05-15 11:49:21,914 - INFO - Received message from ('127.0.0.1', 59601): {'type': 'move', 'row': 0, 'col': 0}
2025-05-15 11:49:21,915 - INFO - Received message: {'type': 'state_update', 'state': {'board': [['X', None, None], [None, None, None], [None, None, None]], 'current_player': 'O', 'game_active': True, 'players': {'X': '127.0.0.1', 'O': '127.0.0.1'}, 'player_names': {'X': 'Alex', 'O': 'Fox'}}}
2025-05-15 11:49:21,915 - INFO - Received state update: {'board': [['X', None, None], [None, None, None], [None, None, None]], 'current_player': 'O', 'game_active': True, 'players': {'X': '127.0.0.1', 'O': '127.0.0.1'}, 'player_names': {'X': 'Alex', 'O': 'Fox'}}
2025-05-15 11:49:21,916 - INFO - Received message: {'type': 'state_update', 'state': {'board': [['X', None, None], [None, None, None], [None, None, None]], 'current_player': 'O', 'game_active': True, 'players': {'X': '127.0.0.1', 'O': '127.0.0.1'}, 'player_names': {'X': 'Alex', 'O': 'Fox'}}}
2025-05-15 11:49:21,916 - INFO - Received state update: {'board': [['X', None, None], [None, None, None], [None, None, None]], 'current_player': 'O', 'game_active': True, 'players': {'X': '127.0.0.1', 'O': '127.0.0.1'}, 'player_names': {'X': 'Alex', 'O': 'Fox'}}
2025-05-15 11:49:23,236 - INFO - Making move - row: 0, col: 2, player: O
2025-05-15 11:49:23,237 - INFO - Move sent to server
2025-05-15 11:49:23,237 - INFO - Received message from ('127.0.0.1', 59606): {'type': 'move', 'row': 0, 'col': 2}
2025-05-15 11:49:23,238 - INFO - Received message: {'type': 'state_update', 'state': {'board': [['X', None, 'O'], [None, None, None], [None, None, None]], 'current_player': 'X', 'game_active': True, 'players': {'X': '127.0.0.1', 'O': '127.0.0.1'}, 'player_names': {'X': 'Alex', 'O': 'Fox'}}}
2025-05-15 11:49:23,238 - INFO - Received message: {'type': 'state_update', 'state': {'board': [['X', None, 'O'], [None, None, None], [None, None, None]], 'current_player': 'X', 'game_active': True, 'players': {'X': '127.0.0.1', 'O': '127.0.0.1'}, 'player_names': {'X': 'Alex', 'O': 'Fox'}}}
2025-05-15 11:49:23,238 - INFO - Received state update: {'board': [['X', None, 'O'], [None, None, None], [None, None, None]], 'current_player': 'X', 'game_active': True, 'players': {'X': '127.0.0.1', 'O': '127.0.0.1'}, 'player_names': {'X': 'Alex', 'O': 'Fox'}}
2025-05-15 11:49:23,238 - INFO - Received state update: {'board': [['X', None, 'O'], [None, None, None], [None, None, None]], 'current_player': 'X', 'game_active': True, 'players': {'X': '127.0.0.1', 'O': '127.0.0.1'}, 'player_names': {'X': 'Alex', 'O': 'Fox'}}
2025-05-15 11:49:25,728 - INFO - Making move - row: 0, col: 1, player: X
2025-05-15 11:49:25,728 - INFO - Move sent to server
2025-05-15 11:49:25,728 - INFO - Received message from ('127.0.0.1', 59601): {'type': 'move', 'row': 0, 'col': 1}
2025-05-15 11:49:25,729 - INFO - Received message: {'type': 'state_update', 'state': {'board': [['X', 'X', 'O'], [None, None, None], [None, None, None]], 'current_player': 'O', 'game_active': True, 'players': {'X': '127.0.0.1', 'O': '127.0.0.1'}, 'player_names': {'X': 'Alex', 'O': 'Fox'}}}
2025-05-15 11:49:25,729 - INFO - Received message: {'type': 'state_update', 'state': {'board': [['X', 'X', 'O'], [None, None, None], [None, None, None]], 'current_player': 'O', 'game_active': True, 'players': {'X': '127.0.0.1', 'O': '127.0.0.1'}, 'player_names': {'X': 'Alex', 'O': 'Fox'}}}
2025-05-15 11:49:25,729 - INFO - Received state update: {'board': [['X', 'X', 'O'], [None, None, None], [None, None, None]], 'current_player': 'O', 'game_active': True, 'players': {'X': '127.0.0.1', 'O': '127.0.0.1'}, 'player_names': {'X': 'Alex', 'O': 'Fox'}}
2025-05-15 11:49:25,729 - INFO - Received state update: {'board': [['X', 'X', 'O'], [None, None, None], [None, None, None]], 'current_player': 'O', 'game_active': True, 'players': {'X': '127.0.0.1', 'O': '127.0.0.1'}, 'player_names': {'X': 'Alex', 'O': 'Fox'}}
2025-05-15 11:49:26,769 - INFO - Making move - row: 1, col: 1, player: O
2025-05-15 11:49:26,769 - INFO - Move sent to server
2025-05-15 11:49:26,770 - INFO - Received message from ('127.0.0.1', 59606): {'type': 'move', 'row': 1, 'col': 1}
2025-05-15 11:49:26,770 - INFO - Received message: {'type': 'state_update', 'state': {'board': [['X', 'X', 'O'], [None, 'O', None], [None, None, None]], 'current_player': 'X', 'game_active': True, 'players': {'X': '127.0.0.1', 'O': '127.0.0.1'}, 'player_names': {'X': 'Alex', 'O': 'Fox'}}}
2025-05-15 11:49:26,770 - INFO - Received message: {'type': 'state_update', 'state': {'board': [['X', 'X', 'O'], [None, 'O', None], [None, None, None]], 'current_player': 'X', 'game_active': True, 'players': {'X': '127.0.0.1', 'O': '127.0.0.1'}, 'player_names': {'X': 'Alex', 'O': 'Fox'}}}
2025-05-15 11:49:26,770 - INFO - Received state update: {'board': [['X', 'X', 'O'], [None, 'O', None], [None, None, None]], 'current_player': 'X', 'game_active': True, 'players': {'X': '127.0.0.1', 'O': '127.0.0.1'}, 'player_names': {'X': 'Alex', 'O': 'Fox'}}
2025-05-15 11:49:26,771 - INFO - Received state update: {'board': [['X', 'X', 'O'], [None, 'O', None], [None, None, None]], 'current_player': 'X', 'game_active': True, 'players': {'X': '127.0.0.1', 'O': '127.0.0.1'}, 'player_names': {'X': 'Alex', 'O': 'Fox'}}
2025-05-15 11:49:28,876 - INFO - Making move - row: 1, col: 0, player: X
2025-05-15 11:49:28,876 - INFO - Move sent to server
2025-05-15 11:49:28,877 - INFO - Received message from ('127.0.0.1', 59601): {'type': 'move', 'row': 1, 'col': 0}
2025-05-15 11:49:28,877 - INFO - Received message: {'type': 'state_update', 'state': {'board': [['X', 'X', 'O'], ['X', 'O', None], [None, None, None]], 'current_player': 'O', 'game_active': True, 'players': {'X': '127.0.0.1', 'O': '127.0.0.1'}, 'player_names': {'X': 'Alex', 'O': 'Fox'}}}
2025-05-15 11:49:28,877 - INFO - Received message: {'type': 'state_update', 'state': {'board': [['X', 'X', 'O'], ['X', 'O', None], [None, None, None]], 'current_player': 'O', 'game_active': True, 'players': {'X': '127.0.0.1', 'O': '127.0.0.1'}, 'player_names': {'X': 'Alex', 'O': 'Fox'}}}
2025-05-15 11:49:28,878 - INFO - Received state update: {'board': [['X', 'X', 'O'], ['X', 'O', None], [None, None, None]], 'current_player': 'O', 'game_active': True, 'players': {'X': '127.0.0.1', 'O': '127.0.0.1'}, 'player_names': {'X': 'Alex', 'O': 'Fox'}}
2025-05-15 11:49:28,878 - INFO - Received state update: {'board': [['X', 'X', 'O'], ['X', 'O', None], [None, None, None]], 'current_player': 'O', 'game_active': True, 'players': {'X': '127.0.0.1', 'O': '127.0.0.1'}, 'player_names': {'X': 'Alex', 'O': 'Fox'}}
2025-05-15 11:49:30,445 - INFO - Making move - row: 2, col: 0, player: O
2025-05-15 11:49:30,445 - INFO - Move sent to server
2025-05-15 11:49:30,445 - INFO - Received message from ('127.0.0.1', 59606): {'type': 'move', 'row': 2, 'col': 0}
2025-05-15 11:49:30,446 - INFO - Received message: {'type': 'state_update', 'state': {'board': [['X', 'X', 'O'], ['X', 'O', None], ['O', None, None]], 'current_player': 'X', 'game_active': True, 'players': {'X': '127.0.0.1', 'O': '127.0.0.1'}, 'player_names': {'X': 'Alex', 'O': 'Fox'}}}
2025-05-15 11:49:30,446 - INFO - Received state update: {'board': [['X', 'X', 'O'], ['X', 'O', None], ['O', None, None]], 'current_player': 'X', 'game_active': True, 'players': {'X': '127.0.0.1', 'O': '127.0.0.1'}, 'player_names': {'X': 'Alex', 'O': 'Fox'}}
2025-05-15 11:49:30,446 - INFO - Received message: {'type': 'state_update', 'state': {'board': [['X', 'X', 'O'], ['X', 'O', None], ['O', None, None]], 'current_player': 'X', 'game_active': True, 'players': {'X': '127.0.0.1', 'O': '127.0.0.1'}, 'player_names': {'X': 'Alex', 'O': 'Fox'}}}
2025-05-15 11:49:30,447 - INFO - Received state update: {'board': [['X', 'X', 'O'], ['X', 'O', None], ['O', None, None]], 'current_player': 'X', 'game_active': True, 'players': {'X': '127.0.0.1', 'O': '127.0.0.1'}, 'player_names': {'X': 'Alex', 'O': 'Fox'}}
2025-05-15 11:49:30,447 - INFO - Received message: {'type': 'game_end', 'reason': 'Fox wins!', 'state': {'board': [['X', 'X', 'O'], ['X', 'O', None], ['O', None, None]], 'current_player': 'X', 'game_active': False, 'players': {'X': '127.0.0.1', 'O': '127.0.0.1'}, 'player_names': {'X': 'Alex', 'O': 'Fox'}}, 'win_line': [[2, 0], [1, 1], [0, 2]]}
2025-05-15 11:49:30,447 - INFO - Game ended: Fox wins!
2025-05-15 11:49:30,447 - INFO - Received message: {'type': 'game_end', 'reason': 'Fox wins!', 'state': {'board': [['X', 'X', 'O'], ['X', 'O', None], ['O', None, None]], 'current_player': 'X', 'game_active': False, 'players': {'X': '127.0.0.1', 'O': '127.0.0.1'}, 'player_names': {'X': 'Alex', 'O': 'Fox'}}, 'win_line': [[2, 0], [1, 1], [0, 2]]}
2025-05-15 11:49:30,448 - INFO - Game ended: Fox wins!
2025-05-15 11:49:30,449 - INFO - Updating button at 0,0 with X
2025-05-15 11:49:30,449 - INFO - Updating button at 0,1 with X
2025-05-15 11:49:30,449 - INFO - Updating button at 0,2 with O
2025-05-15 11:49:30,449 - INFO - Updating button at 1,0 with X
2025-05-15 11:49:30,451 - INFO - Updating button at 1,1 with O
2025-05-15 11:49:30,451 - INFO - Updating button at 1,2 with None
2025-05-15 11:49:30,451 - INFO - Updating button at 2,0 with O
2025-05-15 11:49:30,452 - INFO - Updating button at 2,1 with None
2025-05-15 11:49:30,453 - INFO - Updating button at 2,2 with None
2025-05-15 11:49:30,598 - INFO - Connection reset by server
2025-05-15 11:49:30,598 - INFO - Game ended: Connection reset by server
2025-05-15 11:49:33,540 - INFO - Initializing main menu
2025-05-15 11:49:33,575 - INFO - Closing game window
2025-05-15 11:49:33,575 - INFO - Closing client connection
2025-05-15 11:49:33,576 - INFO - Initializing main menu
2025-05-15 11:50:06,894 - INFO - Starting application
2025-05-15 11:50:06,954 - INFO - Initializing main menu
2025-05-15 11:50:13,540 - INFO - Starting application
2025-05-15 11:50:13,614 - INFO - Initializing main menu
2025-05-15 11:50:21,596 - INFO - Starting game - Mode: Онлайн - хост, Board size: 3, Player: Alex
2025-05-15 11:50:21,596 - INFO - Starting online game as host
2025-05-15 11:50:21,611 - INFO - Initializing game window - Mode: host, Board size: 3
2025-05-15 11:50:21,611 - INFO - Server started on 0.0.0.0:8765
2025-05-15 11:50:21,624 - INFO - Initializing client with host: localhost
2025-05-15 11:50:21,624 - INFO - Connecting to localhost:8765
2025-05-15 11:50:21,630 - INFO - New connection from ('127.0.0.1', 59681)
2025-05-15 11:50:21,630 - INFO - Connected successfully
2025-05-15 11:50:21,630 - INFO - Successfully connected to server
2025-05-15 11:50:21,631 - INFO - Received message: {'type': 'assign', 'symbol': 'X', 'player_names': {'X': 'Alex', 'O': None}}
2025-05-15 11:50:21,653 - INFO - Assigned symbol: X
2025-05-15 11:50:33,775 - INFO - Starting game - Mode: Онлайн - клиент, Board size: 3, Player: Fox
2025-05-15 11:50:33,775 - INFO - Starting online game as client
2025-05-15 11:50:33,775 - INFO - Initializing game window - Mode: client, Board size: 3
2025-05-15 11:50:33,785 - INFO - Initializing client with host: localhost
2025-05-15 11:50:33,786 - INFO - Connecting to localhost:8765
2025-05-15 11:50:33,791 - INFO - Connected successfully
2025-05-15 11:50:33,791 - INFO - New connection from ('127.0.0.1', 59690)
2025-05-15 11:50:33,792 - INFO - Successfully connected to server
2025-05-15 11:50:33,792 - INFO - Received message: {'type': 'start', 'state': {'board': [[None, None, None], [None, None, None], [None, None, None]], 'current_player': 'X', 'game_active': True, 'players': {'X': '127.0.0.1', 'O': '127.0.0.1'}, 'player_names': {'X': 'Alex', 'O': 'Fox'}}}
2025-05-15 11:50:33,793 - INFO - Game started
2025-05-15 11:50:33,792 - INFO - Received message: {'type': 'assign', 'symbol': 'O', 'player_names': {'X': 'Alex', 'O': 'Fox'}}
2025-05-15 11:50:33,821 - INFO - Assigned symbol: O
2025-05-15 11:50:33,825 - INFO - Received message: {'type': 'start', 'state': {'board': [[None, None, None], [None, None, None], [None, None, None]], 'current_player': 'X', 'game_active': True, 'players': {'X': '127.0.0.1', 'O': '127.0.0.1'}, 'player_names': {'X': 'Alex', 'O': 'Fox'}}}
2025-05-15 11:50:33,825 - INFO - Game started
2025-05-15 11:50:37,559 - INFO - Making move - row: 0, col: 0, player: X
2025-05-15 11:50:37,560 - INFO - Received message from ('127.0.0.1', 59681): {'type': 'move', 'row': 0, 'col': 0}
2025-05-15 11:50:37,560 - INFO - Move sent to server
2025-05-15 11:50:37,561 - INFO - Received message: {'type': 'state_update', 'state': {'board': [['X', None, None], [None, None, None], [None, None, None]], 'current_player': 'O', 'game_active': True, 'players': {'X': '127.0.0.1', 'O': '127.0.0.1'}, 'player_names': {'X': 'Alex', 'O': 'Fox'}}}
2025-05-15 11:50:37,561 - INFO - Received message: {'type': 'state_update', 'state': {'board': [['X', None, None], [None, None, None], [None, None, None]], 'current_player': 'O', 'game_active': True, 'players': {'X': '127.0.0.1', 'O': '127.0.0.1'}, 'player_names': {'X': 'Alex', 'O': 'Fox'}}}
2025-05-15 11:50:37,561 - INFO - Received state update: {'board': [['X', None, None], [None, None, None], [None, None, None]], 'current_player': 'O', 'game_active': True, 'players': {'X': '127.0.0.1', 'O': '127.0.0.1'}, 'player_names': {'X': 'Alex', 'O': 'Fox'}}
2025-05-15 11:50:37,561 - INFO - Received state update: {'board': [['X', None, None], [None, None, None], [None, None, None]], 'current_player': 'O', 'game_active': True, 'players': {'X': '127.0.0.1', 'O': '127.0.0.1'}, 'player_names': {'X': 'Alex', 'O': 'Fox'}}
2025-05-15 11:50:38,502 - INFO - Making move - row: 0, col: 1, player: O
2025-05-15 11:50:38,503 - INFO - Move sent to server
2025-05-15 11:50:38,503 - INFO - Received message from ('127.0.0.1', 59690): {'type': 'move', 'row': 0, 'col': 1}
2025-05-15 11:50:38,504 - INFO - Received message: {'type': 'state_update', 'state': {'board': [['X', 'O', None], [None, None, None], [None, None, None]], 'current_player': 'X', 'game_active': True, 'players': {'X': '127.0.0.1', 'O': '127.0.0.1'}, 'player_names': {'X': 'Alex', 'O': 'Fox'}}}
2025-05-15 11:50:38,504 - INFO - Received message: {'type': 'state_update', 'state': {'board': [['X', 'O', None], [None, None, None], [None, None, None]], 'current_player': 'X', 'game_active': True, 'players': {'X': '127.0.0.1', 'O': '127.0.0.1'}, 'player_names': {'X': 'Alex', 'O': 'Fox'}}}
2025-05-15 11:50:38,504 - INFO - Received state update: {'board': [['X', 'O', None], [None, None, None], [None, None, None]], 'current_player': 'X', 'game_active': True, 'players': {'X': '127.0.0.1', 'O': '127.0.0.1'}, 'player_names': {'X': 'Alex', 'O': 'Fox'}}
2025-05-15 11:50:38,504 - INFO - Received state update: {'board': [['X', 'O', None], [None, None, None], [None, None, None]], 'current_player': 'X', 'game_active': True, 'players': {'X': '127.0.0.1', 'O': '127.0.0.1'}, 'player_names': {'X': 'Alex', 'O': 'Fox'}}
2025-05-15 11:50:39,351 - INFO - Making move - row: 1, col: 1, player: X
2025-05-15 11:50:39,352 - INFO - Move sent to server
2025-05-15 11:50:39,352 - INFO - Received message from ('127.0.0.1', 59681): {'type': 'move', 'row': 1, 'col': 1}
2025-05-15 11:50:39,353 - INFO - Received message: {'type': 'state_update', 'state': {'board': [['X', 'O', None], [None, 'X', None], [None, None, None]], 'current_player': 'O', 'game_active': True, 'players': {'X': '127.0.0.1', 'O': '127.0.0.1'}, 'player_names': {'X': 'Alex', 'O': 'Fox'}}}
2025-05-15 11:50:39,353 - INFO - Received message: {'type': 'state_update', 'state': {'board': [['X', 'O', None], [None, 'X', None], [None, None, None]], 'current_player': 'O', 'game_active': True, 'players': {'X': '127.0.0.1', 'O': '127.0.0.1'}, 'player_names': {'X': 'Alex', 'O': 'Fox'}}}
2025-05-15 11:50:39,353 - INFO - Received state update: {'board': [['X', 'O', None], [None, 'X', None], [None, None, None]], 'current_player': 'O', 'game_active': True, 'players': {'X': '127.0.0.1', 'O': '127.0.0.1'}, 'player_names': {'X': 'Alex', 'O': 'Fox'}}
2025-05-15 11:50:39,353 - INFO - Received state update: {'board': [['X', 'O', None], [None, 'X', None], [None, None, None]], 'current_player': 'O', 'game_active': True, 'players': {'X': '127.0.0.1', 'O': '127.0.0.1'}, 'player_names': {'X': 'Alex', 'O': 'Fox'}}
2025-05-15 11:50:40,185 - INFO - Making move - row: 0, col: 2, player: O
2025-05-15 11:50:40,186 - INFO - Move sent to server
2025-05-15 11:50:40,186 - INFO - Received message from ('127.0.0.1', 59690): {'type': 'move', 'row': 0, 'col': 2}
2025-05-15 11:50:40,186 - INFO - Received message: {'type': 'state_update', 'state': {'board': [['X', 'O', 'O'], [None, 'X', None], [None, None, None]], 'current_player': 'X', 'game_active': True, 'players': {'X': '127.0.0.1', 'O': '127.0.0.1'}, 'player_names': {'X': 'Alex', 'O': 'Fox'}}}
2025-05-15 11:50:40,187 - INFO - Received message: {'type': 'state_update', 'state': {'board': [['X', 'O', 'O'], [None, 'X', None], [None, None, None]], 'current_player': 'X', 'game_active': True, 'players': {'X': '127.0.0.1', 'O': '127.0.0.1'}, 'player_names': {'X': 'Alex', 'O': 'Fox'}}}
2025-05-15 11:50:40,187 - INFO - Received state update: {'board': [['X', 'O', 'O'], [None, 'X', None], [None, None, None]], 'current_player': 'X', 'game_active': True, 'players': {'X': '127.0.0.1', 'O': '127.0.0.1'}, 'player_names': {'X': 'Alex', 'O': 'Fox'}}
2025-05-15 11:50:40,187 - INFO - Received state update: {'board': [['X', 'O', 'O'], [None, 'X', None], [None, None, None]], 'current_player': 'X', 'game_active': True, 'players': {'X': '127.0.0.1', 'O': '127.0.0.1'}, 'player_names': {'X': 'Alex', 'O': 'Fox'}}
2025-05-15 11:50:41,034 - INFO - Making move - row: 2, col: 2, player: X
2025-05-15 11:50:41,034 - INFO - Received message from ('127.0.0.1', 59681): {'type': 'move', 'row': 2, 'col': 2}
2025-05-15 11:50:41,034 - INFO - Move sent to server
2025-05-15 11:50:41,034 - INFO - Received message: {'type': 'state_update', 'state': {'board': [['X', 'O', 'O'], [None, 'X', None], [None, None, 'X']], 'current_player': 'O', 'game_active': True, 'players': {'X': '127.0.0.1', 'O': '127.0.0.1'}, 'player_names': {'X': 'Alex', 'O': 'Fox'}}}
2025-05-15 11:50:41,035 - INFO - Received message: {'type': 'state_update', 'state': {'board': [['X', 'O', 'O'], [None, 'X', None], [None, None, 'X']], 'current_player': 'O', 'game_active': True, 'players': {'X': '127.0.0.1', 'O': '127.0.0.1'}, 'player_names': {'X': 'Alex', 'O': 'Fox'}}}
2025-05-15 11:50:41,035 - INFO - Received state update: {'board': [['X', 'O', 'O'], [None, 'X', None], [None, None, 'X']], 'current_player': 'O', 'game_active': True, 'players': {'X': '127.0.0.1', 'O': '127.0.0.1'}, 'player_names': {'X': 'Alex', 'O': 'Fox'}}
2025-05-15 11:50:41,035 - INFO - Received state update: {'board': [['X', 'O', 'O'], [None, 'X', None], [None, None, 'X']], 'current_player': 'O', 'game_active': True, 'players': {'X': '127.0.0.1', 'O': '127.0.0.1'}, 'player_names': {'X': 'Alex', 'O': 'Fox'}}
2025-05-15 11:50:41,035 - INFO - Received message: {'type': 'game_end', 'reason': 'Alex wins!', 'state': {'board': [['X', 'O', 'O'], [None, 'X', None], [None, None, 'X']], 'current_player': 'O', 'game_active': False, 'players': {'X': '127.0.0.1', 'O': '127.0.0.1'}, 'player_names': {'X': 'Alex', 'O': 'Fox'}}, 'win_line': [[2, 2], [1, 1], [0, 0]]}
2025-05-15 11:50:41,035 - INFO - Received message: {'type': 'game_end', 'reason': 'Alex wins!', 'state': {'board': [['X', 'O', 'O'], [None, 'X', None], [None, None, 'X']], 'current_player': 'O', 'game_active': False, 'players': {'X': '127.0.0.1', 'O': '127.0.0.1'}, 'player_names': {'X': 'Alex', 'O': 'Fox'}}, 'win_line': [[2, 2], [1, 1], [0, 0]]}
2025-05-15 11:50:41,036 - INFO - Game ended: Alex wins!
2025-05-15 11:50:41,036 - INFO - Game ended: Alex wins!
2025-05-15 11:53:21,225 - INFO - Starting application
2025-05-15 11:53:21,291 - INFO - Initializing main menu
2025-05-15 11:53:29,313 - INFO - Starting application
2025-05-15 11:53:29,401 - INFO - Initializing main menu
2025-05-15 11:53:50,979 - INFO - Starting game - Mode: Онлайн - хост, Board size: 3, Player: Alex1
2025-05-15 11:53:50,979 - INFO - Starting online game as host
2025-05-15 11:53:50,979 - INFO - Initializing game window - Mode: host, Board size: 3
2025-05-15 11:53:50,979 - INFO - Server started on 0.0.0.0:8765
2025-05-15 11:53:51,000 - INFO - Initializing client with host: localhost
2025-05-15 11:53:51,000 - INFO - Connecting to localhost:8765
2025-05-15 11:53:51,000 - INFO - Connected successfully
2025-05-15 11:53:51,000 - INFO - New connection from ('127.0.0.1', 59901)
2025-05-15 11:53:51,000 - INFO - Successfully connected to server
2025-05-15 11:53:51,000 - INFO - Received message: {'type': 'assign', 'symbol': 'X', 'player_names': {'X': 'Alex1', 'O': None}}
2025-05-15 11:53:51,021 - INFO - Assigned symbol: X
2025-05-15 11:54:02,455 - INFO - Starting game - Mode: Онлайн - клиент, Board size: 3, Player: Alex3
2025-05-15 11:54:02,455 - INFO - Starting online game as client
2025-05-15 11:54:02,455 - INFO - Initializing game window - Mode: client, Board size: 3
2025-05-15 11:54:02,469 - INFO - Initializing client with host: localhost
2025-05-15 11:54:02,469 - INFO - Connecting to localhost:8765
2025-05-15 11:54:02,474 - INFO - Connected successfully
2025-05-15 11:54:02,474 - INFO - New connection from ('127.0.0.1', 59908)
2025-05-15 11:54:02,474 - INFO - Successfully connected to server
2025-05-15 11:54:02,475 - INFO - Received message: {'type': 'start', 'state': {'board': [[None, None, None], [None, None, None], [None, None, None]], 'current_player': 'X', 'game_active': True, 'players': {'X': '127.0.0.1', 'O': '127.0.0.1'}, 'player_names': {'X': 'Alex1', 'O': 'Alex3'}}}
2025-05-15 11:54:02,475 - INFO - Game started
2025-05-15 11:54:02,475 - INFO - Received message: {'type': 'assign', 'symbol': 'O', 'player_names': {'X': 'Alex1', 'O': 'Alex3'}}
2025-05-15 11:54:02,509 - INFO - Assigned symbol: O
2025-05-15 11:54:02,510 - INFO - Received message: {'type': 'start', 'state': {'board': [[None, None, None], [None, None, None], [None, None, None]], 'current_player': 'X', 'game_active': True, 'players': {'X': '127.0.0.1', 'O': '127.0.0.1'}, 'player_names': {'X': 'Alex1', 'O': 'Alex3'}}}
2025-05-15 11:54:02,510 - INFO - Game started
2025-05-15 11:54:10,766 - INFO - Making move - row: 0, col: 0, player: X
2025-05-15 11:54:10,766 - INFO - Received message from ('127.0.0.1', 59901): {'type': 'move', 'row': 0, 'col': 0}
2025-05-15 11:54:10,767 - INFO - Move sent to server
2025-05-15 11:54:10,767 - INFO - Received message: {'type': 'state_update', 'state': {'board': [['X', None, None], [None, None, None], [None, None, None]], 'current_player': 'O', 'game_active': True, 'players': {'X': '127.0.0.1', 'O': '127.0.0.1'}, 'player_names': {'X': 'Alex1', 'O': 'Alex3'}}}
2025-05-15 11:54:10,768 - INFO - Received message: {'type': 'state_update', 'state': {'board': [['X', None, None], [None, None, None], [None, None, None]], 'current_player': 'O', 'game_active': True, 'players': {'X': '127.0.0.1', 'O': '127.0.0.1'}, 'player_names': {'X': 'Alex1', 'O': 'Alex3'}}}
2025-05-15 11:54:10,768 - INFO - Received state update: {'board': [['X', None, None], [None, None, None], [None, None, None]], 'current_player': 'O', 'game_active': True, 'players': {'X': '127.0.0.1', 'O': '127.0.0.1'}, 'player_names': {'X': 'Alex1', 'O': 'Alex3'}}
2025-05-15 11:54:10,768 - INFO - Received state update: {'board': [['X', None, None], [None, None, None], [None, None, None]], 'current_player': 'O', 'game_active': True, 'players': {'X': '127.0.0.1', 'O': '127.0.0.1'}, 'player_names': {'X': 'Alex1', 'O': 'Alex3'}}
2025-05-15 11:54:12,590 - INFO - Making move - row: 0, col: 1, player: O
2025-05-15 11:54:12,591 - INFO - Move sent to server
2025-05-15 11:54:12,591 - INFO - Received message from ('127.0.0.1', 59908): {'type': 'move', 'row': 0, 'col': 1}
2025-05-15 11:54:12,592 - INFO - Received message: {'type': 'state_update', 'state': {'board': [['X', 'O', None], [None, None, None], [None, None, None]], 'current_player': 'X', 'game_active': True, 'players': {'X': '127.0.0.1', 'O': '127.0.0.1'}, 'player_names': {'X': 'Alex1', 'O': 'Alex3'}}}
2025-05-15 11:54:12,592 - INFO - Received message: {'type': 'state_update', 'state': {'board': [['X', 'O', None], [None, None, None], [None, None, None]], 'current_player': 'X', 'game_active': True, 'players': {'X': '127.0.0.1', 'O': '127.0.0.1'}, 'player_names': {'X': 'Alex1', 'O': 'Alex3'}}}
2025-05-15 11:54:12,592 - INFO - Received state update: {'board': [['X', 'O', None], [None, None, None], [None, None, None]], 'current_player': 'X', 'game_active': True, 'players': {'X': '127.0.0.1', 'O': '127.0.0.1'}, 'player_names': {'X': 'Alex1', 'O': 'Alex3'}}
2025-05-15 11:54:12,592 - INFO - Received state update: {'board': [['X', 'O', None], [None, None, None], [None, None, None]], 'current_player': 'X', 'game_active': True, 'players': {'X': '127.0.0.1', 'O': '127.0.0.1'}, 'player_names': {'X': 'Alex1', 'O': 'Alex3'}}
2025-05-15 11:54:13,481 - INFO - Making move - row: 1, col: 1, player: X
2025-05-15 11:54:13,482 - INFO - Received message from ('127.0.0.1', 59901): {'type': 'move', 'row': 1, 'col': 1}
2025-05-15 11:54:13,482 - INFO - Move sent to server
2025-05-15 11:54:13,483 - INFO - Received message: {'type': 'state_update', 'state': {'board': [['X', 'O', None], [None, 'X', None], [None, None, None]], 'current_player': 'O', 'game_active': True, 'players': {'X': '127.0.0.1', 'O': '127.0.0.1'}, 'player_names': {'X': 'Alex1', 'O': 'Alex3'}}}
2025-05-15 11:54:13,483 - INFO - Received message: {'type': 'state_update', 'state': {'board': [['X', 'O', None], [None, 'X', None], [None, None, None]], 'current_player': 'O', 'game_active': True, 'players': {'X': '127.0.0.1', 'O': '127.0.0.1'}, 'player_names': {'X': 'Alex1', 'O': 'Alex3'}}}
2025-05-15 11:54:13,484 - INFO - Received state update: {'board': [['X', 'O', None], [None, 'X', None], [None, None, None]], 'current_player': 'O', 'game_active': True, 'players': {'X': '127.0.0.1', 'O': '127.0.0.1'}, 'player_names': {'X': 'Alex1', 'O': 'Alex3'}}
2025-05-15 11:54:14,676 - INFO - Making move - row: 0, col: 2, player: O
2025-05-15 11:54:14,676 - INFO - Move sent to server
2025-05-15 11:54:14,676 - INFO - Received message from ('127.0.0.1', 59908): {'type': 'move', 'row': 0, 'col': 2}
2025-05-15 11:54:14,677 - INFO - Received message: {'type': 'state_update', 'state': {'board': [['X', 'O', 'O'], [None, 'X', None], [None, None, None]], 'current_player': 'X', 'game_active': True, 'players': {'X': '127.0.0.1', 'O': '127.0.0.1'}, 'player_names': {'X': 'Alex1', 'O': 'Alex3'}}}
2025-05-15 11:54:14,677 - INFO - Received message: {'type': 'state_update', 'state': {'board': [['X', 'O', 'O'], [None, 'X', None], [None, None, None]], 'current_player': 'X', 'game_active': True, 'players': {'X': '127.0.0.1', 'O': '127.0.0.1'}, 'player_names': {'X': 'Alex1', 'O': 'Alex3'}}}
2025-05-15 11:54:14,678 - INFO - Received state update: {'board': [['X', 'O', 'O'], [None, 'X', None], [None, None, None]], 'current_player': 'X', 'game_active': True, 'players': {'X': '127.0.0.1', 'O': '127.0.0.1'}, 'player_names': {'X': 'Alex1', 'O': 'Alex3'}}
2025-05-15 11:54:14,678 - INFO - Received state update: {'board': [['X', 'O', 'O'], [None, 'X', None], [None, None, None]], 'current_player': 'X', 'game_active': True, 'players': {'X': '127.0.0.1', 'O': '127.0.0.1'}, 'player_names': {'X': 'Alex1', 'O': 'Alex3'}}
2025-05-15 11:54:15,533 - INFO - Making move - row: 2, col: 2, player: X
2025-05-15 11:54:15,534 - INFO - Move sent to server
2025-05-15 11:54:15,534 - INFO - Received message from ('127.0.0.1', 59901): {'type': 'move', 'row': 2, 'col': 2}
2025-05-15 11:54:15,534 - INFO - Received message: {'type': 'state_update', 'state': {'board': [['X', 'O', 'O'], [None, 'X', None], [None, None, 'X']], 'current_player': 'O', 'game_active': True, 'players': {'X': '127.0.0.1', 'O': '127.0.0.1'}, 'player_names': {'X': 'Alex1', 'O': 'Alex3'}}}
2025-05-15 11:54:15,534 - INFO - Received message: {'type': 'state_update', 'state': {'board': [['X', 'O', 'O'], [None, 'X', None], [None, None, 'X']], 'current_player': 'O', 'game_active': True, 'players': {'X': '127.0.0.1', 'O': '127.0.0.1'}, 'player_names': {'X': 'Alex1', 'O': 'Alex3'}}}
2025-05-15 11:54:15,535 - INFO - Received state update: {'board': [['X', 'O', 'O'], [None, 'X', None], [None, None, 'X']], 'current_player': 'O', 'game_active': True, 'players': {'X': '127.0.0.1', 'O': '127.0.0.1'}, 'player_names': {'X': 'Alex1', 'O': 'Alex3'}}
2025-05-15 11:54:15,535 - INFO - Received state update: {'board': [['X', 'O', 'O'], [None, 'X', None], [None, None, 'X']], 'current_player': 'O', 'game_active': True, 'players': {'X': '127.0.0.1', 'O': '127.0.0.1'}, 'player_names': {'X': 'Alex1', 'O': 'Alex3'}}
2025-05-15 11:54:15,535 - INFO - Received message: {'type': 'game_end', 'reason': 'Alex1 wins!', 'state': {'board': [['X', 'O', 'O'], [None, 'X', None], [None, None, 'X']], 'current_player': 'O', 'game_active': False, 'players': {'X': '127.0.0.1', 'O': '127.0.0.1'}, 'player_names': {'X': 'Alex1', 'O': 'Alex3'}}, 'win_line': [[2, 2], [1, 1], [0, 0]]}
2025-05-15 11:54:15,536 - INFO - Received message: {'type': 'game_end', 'reason': 'Alex1 wins!', 'state': {'board': [['X', 'O', 'O'], [None, 'X', None], [None, None, 'X']], 'current_player': 'O', 'game_active': False, 'players': {'X': '127.0.0.1', 'O': '127.0.0.1'}, 'player_names': {'X': 'Alex1', 'O': 'Alex3'}}, 'win_line': [[2, 2], [1, 1], [0, 0]]}
2025-05-15 11:54:15,536 - INFO - Game ended: Alex1 wins!
2025-05-15 11:54:15,536 - INFO - Game ended: Alex1 wins!
2025-05-15 11:54:15,538 - INFO - Updating button at 0,0 with X
2025-05-15 11:54:15,539 - INFO - Updating button at 0,1 with O
2025-05-15 11:54:15,539 - INFO - Updating button at 0,2 with O
2025-05-15 11:54:15,539 - INFO - Updating button at 0,2 with O
e
2025-05-15 11:54:15,540 - INFO - Updating button at 1,1 with X
2025-05-15 11:54:15,540 - INFO - Updating button at 1,0 with None
2025-05-15 11:54:15,541 - INFO - Updating button at 1,1 with X
2025-05-15 11:54:15,541 - INFO - Updating button at 1,2 with None
2025-05-15 11:54:15,541 - INFO - Updating button at 2,0 with None
2025-05-15 11:54:15,541 - INFO - Updating button at 2,1 with None
2025-05-15 11:54:15,542 - INFO - Updating button at 2,1 with None
2025-05-15 11:54:15,542 - INFO - Updating button at 2,2 with X
2025-05-15 11:54:19,618 - INFO - Received message from ('127.0.0.1', 59901): {'type': 'reset'}
2025-05-15 11:54:19,618 - INFO - Received message: {'type': 'start', 'state': {'board': [[None, None, None], [None, None, None], [None, None, None]], 'current_player': 'X', 'game_active': True, 'players': {'X': '127.0.0.1', 'O': '127.0.0.1'}, 'player_names': {'X': 'Alex1', 'O': 'Alex3'}}}
2025-05-15 11:54:19,618 - INFO - Received message: {'type': 'start', 'state': {'board': [[None, None, None], [None, None, None], [None, None, None]], 'current_player': 'X', 'game_active': True, 'players': {'X': '127.0.0.1', 'O': '127.0.0.1'}, 'player_names': {'X': 'Alex1', 'O': 'Alex3'}}}
2025-05-15 11:54:19,619 - INFO - Game started
2025-05-15 11:54:19,619 - INFO - Game started
2025-05-15 11:54:21,587 - INFO - Making move - row: 0, col: 2, player: X
2025-05-15 11:54:21,587 - INFO - Move sent to server
2025-05-15 11:54:21,587 - INFO - Received message from ('127.0.0.1', 59901): {'type': 'move', 'row': 0, 'col': 2}
2025-05-15 11:54:21,588 - INFO - Received message: {'type': 'state_update', 'state': {'board': [[None, None, 'X'], [None, None, None], [None, None, None]], 'current_player': 'O', 'game_active': True, 'players': {'X': '127.0.0.1', 'O': '127.0.0.1'}, 'player_names': {'X': 'Alex1', 'O': 'Alex3'}}}
2025-05-15 11:54:21,588 - INFO - Received message: {'type': 'state_update', 'state': {'board': [[None, None, 'X'], [None, None, None], [None, None, None]], 'current_player': 'O', 'game_active': True, 'players': {'X': '127.0.0.1', 'O': '127.0.0.1'}, 'player_names': {'X': 'Alex1', 'O': 'Alex3'}}}
2025-05-15 11:54:21,590 - INFO - Received state update: {'board': [[None, None, 'X'], [None, None, None], [None, None, None]], 'current_player': 'O', 'game_active': True, 'players': {'X': '127.0.0.1', 'O': '127.0.0.1'}, 'player_names': {'X': 'Alex1', 'O': 'Alex3'}}
2025-05-15 11:54:21,590 - INFO - Received state update: {'board': [[None, None, 'X'], [None, None, None], [None, None, None]], 'current_player': 'O', 'game_active': True, 'players': {'X': '127.0.0.1', 'O': '127.0.0.1'}, 'player_names': {'X': 'Alex1', 'O': 'Alex3'}}
2025-05-15 11:54:24,289 - INFO - Making move - row: 0, col: 1, player: O
2025-05-15 11:54:24,290 - INFO - Move sent to server
2025-05-15 11:54:24,290 - INFO - Received message from ('127.0.0.1', 59908): {'type': 'move', 'row': 0, 'col': 1}
2025-05-15 11:54:24,290 - INFO - Received message: {'type': 'state_update', 'state': {'board': [[None, 'O', 'X'], [None, None, None], [None, None, None]], 'current_player': 'X', 'game_active': True, 'players': {'X': '127.0.0.1', 'O': '127.0.0.1'}, 'player_names': {'X': 'Alex1', 'O': 'Alex3'}}}
2025-05-15 11:54:24,291 - INFO - Received message: {'type': 'state_update', 'state': {'board': [[None, 'O', 'X'], [None, None, None], [None, None, None]], 'current_player': 'X', 'game_active': True, 'players': {'X': '127.0.0.1', 'O': '127.0.0.1'}, 'player_names': {'X': 'Alex1', 'O': 'Alex3'}}}
2025-05-15 11:54:24,291 - INFO - Received state update: {'board': [[None, 'O', 'X'], [None, None, None], [None, None, None]], 'current_player': 'X', 'game_active': True, 'players': {'X': '127.0.0.1', 'O': '127.0.0.1'}, 'player_names': {'X': 'Alex1', 'O': 'Alex3'}}
2025-05-15 11:54:24,291 - INFO - Received state update: {'board': [[None, 'O', 'X'], [None, None, None], [None, None, None]], 'current_player': 'X', 'game_active': True, 'players': {'X': '127.0.0.1', 'O': '127.0.0.1'}, 'player_names': {'X': 'Alex1', 'O': 'Alex3'}}
2025-05-15 11:54:25,548 - INFO - Making move - row: 1, col: 1, player: X
2025-05-15 11:54:25,549 - INFO - Received message from ('127.0.0.1', 59901): {'type': 'move', 'row': 1, 'col': 1}
2025-05-15 11:54:25,549 - INFO - Move sent to server
2025-05-15 11:54:25,549 - INFO - Received message: {'type': 'state_update', 'state': {'board': [[None, 'O', 'X'], [None, 'X', None], [None, None, None]], 'current_player': 'O', 'game_active': True, 'players': {'X': '127.0.0.1', 'O': '127.0.0.1'}, 'player_names': {'X': 'Alex1', 'O': 'Alex3'}}}
2025-05-15 11:54:25,549 - INFO - Received message: {'type': 'state_update', 'state': {'board': [[None, 'O', 'X'], [None, 'X', None], [None, None, None]], 'current_player': 'O', 'game_active': True, 'players': {'X': '127.0.0.1', 'O': '127.0.0.1'}, 'player_names': {'X': 'Alex1', 'O': 'Alex3'}}}
2025-05-15 11:54:25,550 - INFO - Received state update: {'board': [[None, 'O', 'X'], [None, 'X', None], [None, None, None]], 'current_player': 'O', 'game_active': True, 'players': {'X': '127.0.0.1', 'O': '127.0.0.1'}, 'player_names': {'X': 'Alex1', 'O': 'Alex3'}}
2025-05-15 11:54:25,550 - INFO - Received state update: {'board': [[None, 'O', 'X'], [None, 'X', None], [None, None, None]], 'current_player': 'O', 'game_active': True, 'players': {'X': '127.0.0.1', 'O': '127.0.0.1'}, 'player_names': {'X': 'Alex1', 'O': 'Alex3'}}
2025-05-15 11:54:26,468 - INFO - Making move - row: 0, col: 0, player: O
2025-05-15 11:54:26,468 - INFO - Move sent to server
2025-05-15 11:54:26,468 - INFO - Received message from ('127.0.0.1', 59908): {'type': 'move', 'row': 0, 'col': 0}
2025-05-15 11:54:26,469 - INFO - Received message: {'type': 'state_update', 'state': {'board': [['O', 'O', 'X'], [None, 'X', None], [None, None, None]], 'current_player': 'X', 'game_active': True, 'players': {'X': '127.0.0.1', 'O': '127.0.0.1'}, 'player_names': {'X': 'Alex1', 'O': 'Alex3'}}}
2025-05-15 11:54:26,469 - INFO - Received message: {'type': 'state_update', 'state': {'board': [['O', 'O', 'X'], [None, 'X', None], [None, None, None]], 'current_player': 'X', 'game_active': True, 'players': {'X': '127.0.0.1', 'O': '127.0.0.1'}, 'player_names': {'X': 'Alex1', 'O': 'Alex3'}}}
2025-05-15 11:54:26,469 - INFO - Received state update: {'board': [['O', 'O', 'X'], [None, 'X', None], [None, None, None]], 'current_player': 'X', 'game_active': True, 'players': {'X': '127.0.0.1', 'O': '127.0.0.1'}, 'player_names': {'X': 'Alex1', 'O': 'Alex3'}}
2025-05-15 11:54:26,469 - INFO - Received state update: {'board': [['O', 'O', 'X'], [None, 'X', None], [None, None, None]], 'current_player': 'X', 'game_active': True, 'players': {'X': '127.0.0.1', 'O': '127.0.0.1'}, 'player_names': {'X': 'Alex1', 'O': 'Alex3'}}
2025-05-15 11:54:27,278 - INFO - Making move - row: 2, col: 0, player: X
2025-05-15 11:54:27,279 - INFO - Move sent to server
2025-05-15 11:54:27,279 - INFO - Received message from ('127.0.0.1', 59901): {'type': 'move', 'row': 2, 'col': 0}
2025-05-15 11:54:27,279 - INFO - Received message: {'type': 'state_update', 'state': {'board': [['O', 'O', 'X'], [None, 'X', None], ['X', None, None]], 'current_player': 'O', 'game_active': True, 'players': {'X': '127.0.0.1', 'O': '127.0.0.1'}, 'player_names': {'X': 'Alex1', 'O': 'Alex3'}}}
2025-05-15 11:54:27,279 - INFO - Received message: {'type': 'state_update', 'state': {'board': [['O', 'O', 'X'], [None, 'X', None], ['X', None, None]], 'current_player': 'O', 'game_active': True, 'players': {'X': '127.0.0.1', 'O': '127.0.0.1'}, 'player_names': {'X': 'Alex1', 'O': 'Alex3'}}}
2025-05-15 11:54:27,280 - INFO - Received state update: {'board': [['O', 'O', 'X'], [None, 'X', None], ['X', None, None]], 'current_player': 'O', 'game_active': True, 'players': {'X': '127.0.0.1', 'O': '127.0.0.1'}, 'player_names': {'X': 'Alex1', 'O': 'Alex3'}}
2025-05-15 11:54:27,280 - INFO - Received state update: {'board': [['O', 'O', 'X'], [None, 'X', None], ['X', None, None]], 'current_player': 'O', 'game_active': True, 'players': {'X': '127.0.0.1', 'O': '127.0.0.1'}, 'player_names': {'X': 'Alex1', 'O': 'Alex3'}}
2025-05-15 11:54:27,280 - INFO - Received message: {'type': 'game_end', 'reason': 'Alex1 wins!', 'state': {'board': [['O', 'O', 'X'], [None, 'X', None], ['X', None, None]], 'current_player': 'O', 'game_active': False, 'players': {'X': '127.0.0.1', 'O': '127.0.0.1'}, 'player_names': {'X': 'Alex1', 'O': 'Alex3'}}, 'win_line': [[2, 0], [1, 1], [0, 2]]}
2025-05-15 11:54:27,281 - INFO - Game ended: Alex1 wins!
2025-05-15 11:54:27,281 - INFO - Game ended: Alex1 wins!
2025-05-15 11:54:27,295 - INFO - Updating button at 0,0 with O
2025-05-15 11:54:27,295 - INFO - Updating button at 0,1 with O
2025-05-15 11:54:27,295 - INFO - Updating button at 0,2 with X
2025-05-15 11:54:27,295 - INFO - Updating button at 1,0 with None
2025-05-15 11:54:27,296 - INFO - Updating button at 1,1 with X
2025-05-15 11:54:27,296 - INFO - Updating button at 1,2 with None
2025-05-15 11:54:27,296 - INFO - Updating button at 2,0 with X
2025-05-15 11:54:27,297 - INFO - Updating button at 2,1 with None
2025-05-15 11:54:27,297 - INFO - Updating button at 2,2 with None
2025-05-15 11:54:27,302 - INFO - Connection reset by server
2025-05-15 11:54:27,302 - INFO - Game ended: Connection reset by server
2025-05-15 11:54:33,370 - ERROR - Not connected to server
2025-05-15 11:54:35,574 - INFO - Initializing main menu
2025-05-15 11:54:35,606 - INFO - Closing game window
2025-05-15 11:54:35,607 - INFO - Closing client connection
2025-05-15 11:54:35,607 - INFO - Initializing main menu
2025-05-15 11:54:46,065 - INFO - Starting application
2025-05-15 11:54:46,148 - INFO - Initializing main menu
2025-05-15 11:54:50,537 - INFO - Starting game - Mode: Онлайн - хост, Board size: 3, Player: Player
2025-05-15 11:54:50,537 - INFO - Starting online game as host
2025-05-15 11:54:50,537 - INFO - Initializing game window - Mode: host, Board size: 3
2025-05-15 11:54:50,553 - INFO - Server started on 0.0.0.0:8765
2025-05-15 11:54:50,558 - INFO - Initializing client with host: localhost
2025-05-15 11:54:50,558 - INFO - Connecting to localhost:8765
2025-05-15 11:54:50,564 - INFO - New connection from ('127.0.0.1', 59985)
2025-05-15 11:54:50,564 - INFO - Connected successfully
2025-05-15 11:54:50,565 - INFO - Successfully connected to server
2025-05-15 11:54:50,565 - INFO - Received message: {'type': 'assign', 'symbol': 'X', 'player_names': {'X': 'Player', 'O': None}}
2025-05-15 11:54:50,599 - INFO - Assigned symbol: X
2025-05-15 11:55:06,065 - INFO - Starting game - Mode: Онлайн - клиент, Board size: 3, Player: Player
2025-05-15 11:55:06,065 - INFO - Starting online game as client
2025-05-15 11:55:06,066 - INFO - Initializing game window - Mode: client, Board size: 3
2025-05-15 11:55:06,069 - INFO - Initializing client with host: localhost
2025-05-15 11:55:06,069 - INFO - Connecting to localhost:8765
2025-05-15 11:55:06,071 - INFO - New connection from ('127.0.0.1', 59996)
2025-05-15 11:55:06,071 - INFO - Connected successfully
2025-05-15 11:55:06,072 - INFO - Successfully connected to server
2025-05-15 11:55:06,072 - INFO - Received message: {'type': 'start', 'state': {'board': [[None, None, None], [None, None, None], [None, None, None]], 'current_player': 'X', 'game_active': True, 'players': {'X': '127.0.0.1', 'O': '127.0.0.1'}, 'player_names': {'X': 'Player', 'O': 'Player'}}}
2025-05-15 11:55:06,072 - INFO - Game started
2025-05-15 11:55:06,072 - INFO - Received message: {'type': 'assign', 'symbol': 'O', 'player_names': {'X': 'Player', 'O': 'Player'}}
2025-05-15 11:55:06,109 - INFO - Assigned symbol: O
2025-05-15 11:55:06,109 - INFO - Received message: {'type': 'start', 'state': {'board': [[None, None, None], [None, None, None], [None, None, None]], 'current_player': 'X', 'game_active': True, 'players': {'X': '127.0.0.1', 'O': '127.0.0.1'}, 'player_names': {'X': 'Player', 'O': 'Player'}}}
2025-05-15 11:55:06,111 - INFO - Game started
2025-05-15 11:55:09,423 - INFO - Making move - row: 0, col: 0, player: X
2025-05-15 11:55:09,424 - INFO - Move sent to server
2025-05-15 11:55:09,424 - INFO - Received message from ('127.0.0.1', 59985): {'type': 'move', 'row': 0, 'col': 0}
2025-05-15 11:55:09,425 - INFO - Received message: {'type': 'state_update', 'state': {'board': [['X', None, None], [None, None, None], [None, None, None]], 'current_player': 'O', 'game_active': True, 'players': {'X': '127.0.0.1', 'O': '127.0.0.1'}, 'player_names': {'X': 'Player', 'O': 'Player'}}}
2025-05-15 11:55:09,425 - INFO - Received message: {'type': 'state_update', 'state': {'board': [['X', None, None], [None, None, None], [None, None, None]], 'current_player': 'O', 'game_active': True, 'players': {'X': '127.0.0.1', 'O': '127.0.0.1'}, 'player_names': {'X': 'Player', 'O': 'Player'}}}
2025-05-15 11:55:09,425 - INFO - Received state update: {'board': [['X', None, None], [None, None, None], [None, None, None]], 'current_player': 'O', 'game_active': True, 'players': {'X': '127.0.0.1', 'O': '127.0.0.1'}, 'player_names': {'X': 'Player', 'O': 'Player'}}
2025-05-15 11:55:09,425 - INFO - Received state update: {'board': [['X', None, None], [None, None, None], [None, None, None]], 'current_player': 'O', 'game_active': True, 'players': {'X': '127.0.0.1', 'O': '127.0.0.1'}, 'player_names': {'X': 'Player', 'O': 'Player'}}
2025-05-15 11:55:10,961 - INFO - Making move - row: 0, col: 1, player: O
2025-05-15 11:55:10,962 - INFO - Move sent to server
2025-05-15 11:55:10,962 - INFO - Received message from ('127.0.0.1', 59996): {'type': 'move', 'row': 0, 'col': 1}
2025-05-15 11:55:10,963 - INFO - Received message: {'type': 'state_update', 'state': {'board': [['X', 'O', None], [None, None, None], [None, None, None]], 'current_player': 'X', 'game_active': True, 'players': {'X': '127.0.0.1', 'O': '127.0.0.1'}, 'player_names': {'X': 'Player', 'O': 'Player'}}}
2025-05-15 11:55:10,963 - INFO - Received message: {'type': 'state_update', 'state': {'board': [['X', 'O', None], [None, None, None], [None, None, None]], 'current_player': 'X', 'game_active': True, 'players': {'X': '127.0.0.1', 'O': '127.0.0.1'}, 'player_names': {'X': 'Player', 'O': 'Player'}}}
2025-05-15 11:55:10,963 - INFO - Received state update: {'board': [['X', 'O', None], [None, None, None], [None, None, None]], 'current_player': 'X', 'game_active': True, 'players': {'X': '127.0.0.1', 'O': '127.0.0.1'}, 'player_names': {'X': 'Player', 'O': 'Player'}}
2025-05-15 11:55:10,963 - INFO - Received state update: {'board': [['X', 'O', None], [None, None, None], [None, None, None]], 'current_player': 'X', 'game_active': True, 'players': {'X': '127.0.0.1', 'O': '127.0.0.1'}, 'player_names': {'X': 'Player', 'O': 'Player'}}
2025-05-15 11:55:11,819 - INFO - Making move - row: 1, col: 1, player: X
2025-05-15 11:55:11,820 - INFO - Move sent to server
2025-05-15 11:55:11,820 - INFO - Received message from ('127.0.0.1', 59985): {'type': 'move', 'row': 1, 'col': 1}
2025-05-15 11:55:11,821 - INFO - Received message: {'type': 'state_update', 'state': {'board': [['X', 'O', None], [None, 'X', None], [None, None, None]], 'current_player': 'O', 'game_active': True, 'players': {'X': '127.0.0.1', 'O': '127.0.0.1'}, 'player_names': {'X': 'Player', 'O': 'Player'}}}
2025-05-15 11:55:11,821 - INFO - Received state update: {'board': [['X', 'O', None], [None, 'X', None], [None, None, None]], 'current_player': 'O', 'game_active': True, 'players': {'X': '127.0.0.1', 'O': '127.0.0.1'}, 'player_names': {'X': 'Player', 'O': 'Player'}}
2025-05-15 11:55:12,899 - INFO - Making move - row: 0, col: 2, player: O
2025-05-15 11:55:12,899 - INFO - Move sent to server
2025-05-15 11:55:12,899 - INFO - Received message from ('127.0.0.1', 59996): {'type': 'move', 'row': 0, 'col': 2}
2025-05-15 11:55:12,900 - INFO - Received message: {'type': 'state_update', 'state': {'board': [['X', 'O', 'O'], [None, 'X', None], [None, None, None]], 'current_player': 'X', 'game_active': True, 'players': {'X': '127.0.0.1', 'O': '127.0.0.1'}, 'player_names': {'X': 'Player', 'O': 'Player'}}}
2025-05-15 11:55:12,901 - INFO - Received state update: {'board': [['X', 'O', 'O'], [None, 'X', None], [None, None, None]], 'current_player': 'X', 'game_active': True, 'players': {'X': '127.0.0.1', 'O': '127.0.0.1'}, 'player_names': {'X': 'Player', 'O': 'Player'}}
2025-05-15 11:55:12,900 - INFO - Received message: {'type': 'state_update', 'state': {'board': [['X', 'O', 'O'], [None, 'X', None], [None, None, None]], 'current_player': 'X', 'game_active': True, 'players': {'X': '127.0.0.1', 'O': '127.0.0.1'}, 'player_names': {'X': 'Player', 'O': 'Player'}}}
2025-05-15 11:55:12,901 - INFO - Received state update: {'board': [['X', 'O', 'O'], [None, 'X', None], [None, None, None]], 'current_player': 'X', 'game_active': True, 'players': {'X': '127.0.0.1', 'O': '127.0.0.1'}, 'player_names': {'X': 'Player', 'O': 'Player'}}
2025-05-15 11:55:13,886 - INFO - Making move - row: 2, col: 2, player: X
2025-05-15 11:55:13,886 - INFO - Move sent to server
2025-05-15 11:55:13,886 - INFO - Received message from ('127.0.0.1', 59985): {'type': 'move', 'row': 2, 'col': 2}
2025-05-15 11:55:13,887 - INFO - Received message: {'type': 'state_update', 'state': {'board': [['X', 'O', 'O'], [None, 'X', None], [None, None, 'X']], 'current_player': 'O', 'game_active': True, 'players': {'X': '127.0.0.1', 'O': '127.0.0.1'}, 'player_names': {'X': 'Player', 'O': 'Player'}}}
2025-05-15 11:55:13,887 - INFO - Received message: {'type': 'state_update', 'state': {'board': [['X', 'O', 'O'], [None, 'X', None], [None, None, 'X']], 'current_player': 'O', 'game_active': True, 'players': {'X': '127.0.0.1', 'O': '127.0.0.1'}, 'player_names': {'X': 'Player', 'O': 'Player'}}}
2025-05-15 11:55:13,887 - INFO - Received state update: {'board': [['X', 'O', 'O'], [None, 'X', None], [None, None, 'X']], 'current_player': 'O', 'game_active': True, 'players': {'X': '127.0.0.1', 'O': '127.0.0.1'}, 'player_names': {'X': 'Player', 'O': 'Player'}}
2025-05-15 11:55:13,887 - INFO - Received state update: {'board': [['X', 'O', 'O'], [None, 'X', None], [None, None, 'X']], 'current_player': 'O', 'game_active': True, 'players': {'X': '127.0.0.1', 'O': '127.0.0.1'}, 'player_names': {'X': 'Player', 'O': 'Player'}}
2025-05-15 11:55:13,888 - INFO - Received message: {'type': 'game_end', 'reason': 'Player wins!', 'state': {'board': [['X', 'O', 'O'], [None, 'X', None], [None, None, 'X']], 'current_player': 'O', 'game_active': False, 'players': {'X': '127.0.0.1', 'O': '127.0.0.1'}, 'player_names': {'X': 'Player', 'O': 'Player'}}, 'win_line': [[2, 2], [1, 1], [0, 0]]}
2025-05-15 11:55:13,888 - INFO - Game ended: Player wins!
2025-05-15 11:55:13,888 - INFO - Received message: {'type': 'game_end', 'reason': 'Player wins!', 'state': {'board': [['X', 'O', 'O'], [None, 'X', None], [None, None, 'X']], 'current_player': 'O', 'game_active': False, 'players': {'X': '127.0.0.1', 'O': '127.0.0.1'}, 'player_names': {'X': 'Player', 'O': 'Player'}}, 'win_line': [[2, 2], [1, 1], [0, 0]]}
2025-05-15 11:55:13,888 - INFO - Game ended: Player wins!
2025-05-15 11:55:13,908 - INFO - Updating button at 0,0 with X
2025-05-15 11:55:13,909 - INFO - Updating button at 0,1 with O
2025-05-15 11:55:13,909 - INFO - Updating button at 0,2 with O
2025-05-15 11:55:13,910 - INFO - Updating button at 1,0 with None
2025-05-15 11:55:13,910 - INFO - Updating button at 1,1 with X
2025-05-15 11:55:13,911 - INFO - Updating button at 1,2 with None
2025-05-15 11:55:13,911 - INFO - Updating button at 2,0 with None
2025-05-15 11:55:13,911 - INFO - Updating button at 2,1 with None
2025-05-15 11:55:13,912 - INFO - Updating button at 2,2 with X
2025-05-15 11:55:13,916 - INFO - Connection reset by server
2025-05-15 11:55:13,916 - INFO - Game ended: Connection reset by server
2025-05-15 11:57:08,585 - INFO - Starting application
2025-05-15 11:57:08,670 - INFO - Initializing main menu
2025-05-15 11:57:11,998 - INFO - Starting application
2025-05-15 11:57:12,073 - INFO - Initializing main menu
2025-05-15 11:57:21,839 - INFO - Starting game - Mode: Онлайн - хост, Board size: 3, Player: Alex1
2025-05-15 11:57:21,839 - INFO - Starting online game as host
2025-05-15 11:57:21,855 - INFO - Initializing game window - Mode: host, Board size: 3
2025-05-15 11:57:21,862 - INFO - Server started on 0.0.0.0:8765
2025-05-15 11:57:21,863 - INFO - Initializing client with host: localhost
2025-05-15 11:57:21,864 - INFO - Connecting to localhost:8765
2025-05-15 11:57:21,864 - INFO - New connection from ('127.0.0.1', 60121)
2025-05-15 11:57:21,864 - INFO - Connected successfully
2025-05-15 11:57:21,864 - INFO - Received message: {'type': 'assign', 'symbol': 'X', 'player_names': {'X': 'Alex1', 'O': None}}
2025-05-15 11:57:21,864 - INFO - Successfully connected to server
2025-05-15 11:57:21,864 - INFO - Assigned symbol: X
2025-05-15 11:57:32,759 - INFO - Starting game - Mode: Онлайн - клиент, Board size: 3, Player: Alex2
2025-05-15 11:57:32,759 - INFO - Starting online game as client
2025-05-15 11:57:32,760 - INFO - Initializing game window - Mode: client, Board size: 3
2025-05-15 11:57:32,771 - INFO - Initializing client with host: localhost
2025-05-15 11:57:32,772 - INFO - Connecting to localhost:8765
2025-05-15 11:57:32,777 - INFO - Connected successfully
2025-05-15 11:57:32,777 - INFO - New connection from ('127.0.0.1', 60131)
2025-05-15 11:57:32,778 - INFO - Successfully connected to server
2025-05-15 11:57:32,778 - INFO - Received message: {'type': 'start', 'state': {'board': [[None, None, None], [None, None, None], [None, None, None]], 'current_player': 'X', 'game_active': True, 'players': {'X': '127.0.0.1', 'O': '127.0.0.1'}, 'player_names': {'X': 'Alex1', 'O': 'Alex2'}}}
2025-05-15 11:57:32,779 - INFO - Game started
2025-05-15 11:57:32,778 - INFO - Received message: {'type': 'assign', 'symbol': 'O', 'player_names': {'X': 'Alex1', 'O': 'Alex2'}}
2025-05-15 11:57:32,805 - INFO - Assigned symbol: O
2025-05-15 11:57:32,810 - INFO - Received message: {'type': 'start', 'state': {'board': [[None, None, None], [None, None, None], [None, None, None]], 'current_player': 'X', 'game_active': True, 'players': {'X': '127.0.0.1', 'O': '127.0.0.1'}, 'player_names': {'X': 'Alex1', 'O': 'Alex2'}}}
2025-05-15 11:57:32,811 - INFO - Game started
2025-05-15 11:57:36,073 - INFO - Making move - row: 0, col: 0, player: X
2025-05-15 11:57:36,073 - INFO - Move sent to server
2025-05-15 11:57:36,073 - INFO - Received message from ('127.0.0.1', 60121): {'type': 'move', 'row': 0, 'col': 0}
2025-05-15 11:57:36,074 - INFO - Received message: {'type': 'state_update', 'state': {'board': [['X', None, None], [None, None, None], [None, None, None]], 'current_player': 'O', 'game_active': True, 'players': {'X': '127.0.0.1', 'O': '127.0.0.1'}, 'player_names': {'X': 'Alex1', 'O': 'Alex2'}}}
2025-05-15 11:57:36,074 - INFO - Received message: {'type': 'state_update', 'state': {'board': [['X', None, None], [None, None, None], [None, None, None]], 'current_player': 'O', 'game_active': True, 'players': {'X': '127.0.0.1', 'O': '127.0.0.1'}, 'player_names': {'X': 'Alex1', 'O': 'Alex2'}}}
2025-05-15 11:57:36,075 - INFO - Received state update: {'board': [['X', None, None], [None, None, None], [None, None, None]], 'current_player': 'O', 'game_active': True, 'players': {'X': '127.0.0.1', 'O': '127.0.0.1'}, 'player_names': {'X': 'Alex1', 'O': 'Alex2'}}
2025-05-15 11:57:37,638 - INFO - Making move - row: 0, col: 1, player: O
2025-05-15 11:57:37,639 - INFO - Move sent to server
2025-05-15 11:57:37,639 - INFO - Received message from ('127.0.0.1', 60131): {'type': 'move', 'row': 0, 'col': 1}
2025-05-15 11:57:37,640 - INFO - Received message: {'type': 'state_update', 'state': {'board': [['X', 'O', None], [None, None, None], [None, None, None]], 'current_player': 'X', 'game_active': True, 'players': {'X': '127.0.0.1', 'O': '127.0.0.1'}, 'player_names': {'X': 'Alex1', 'O': 'Alex2'}}}
2025-05-15 11:57:37,640 - INFO - Received message: {'type': 'state_update', 'state': {'board': [['X', 'O', None], [None, None, None], [None, None, None]], 'current_player': 'X', 'game_active': True, 'players': {'X': '127.0.0.1', 'O': '127.0.0.1'}, 'player_names': {'X': 'Alex1', 'O': 'Alex2'}}}
2025-05-15 11:57:37,640 - INFO - Received state update: {'board': [['X', 'O', None], [None, None, None], [None, None, None]], 'current_player': 'X', 'game_active': True, 'players': {'X': '127.0.0.1', 'O': '127.0.0.1'}, 'player_names': {'X': 'Alex1', 'O': 'Alex2'}}
2025-05-15 11:57:37,640 - INFO - Received state update: {'board': [['X', 'O', None], [None, None, None], [None, None, None]], 'current_player': 'X', 'game_active': True, 'players': {'X': '127.0.0.1', 'O': '127.0.0.1'}, 'player_names': {'X': 'Alex1', 'O': 'Alex2'}}
2025-05-15 11:57:38,670 - INFO - Making move - row: 1, col: 1, player: X
2025-05-15 11:57:38,670 - INFO - Move sent to server
2025-05-15 11:57:38,670 - INFO - Received message from ('127.0.0.1', 60121): {'type': 'move', 'row': 1, 'col': 1}
2025-05-15 11:57:38,672 - INFO - Received message: {'type': 'state_update', 'state': {'board': [['X', 'O', None], [None, 'X', None], [None, None, None]], 'current_player': 'O', 'game_active': True, 'players': {'X': '127.0.0.1', 'O': '127.0.0.1'}, 'player_names': {'X': 'Alex1', 'O': 'Alex2'}}}
2025-05-15 11:57:38,672 - INFO - Received message: {'type': 'state_update', 'state': {'board': [['X', 'O', None], [None, 'X', None], [None, None, None]], 'current_player': 'O', 'game_active': True, 'players': {'X': '127.0.0.1', 'O': '127.0.0.1'}, 'player_names': {'X': 'Alex1', 'O': 'Alex2'}}}
2025-05-15 11:57:38,672 - INFO - Received state update: {'board': [['X', 'O', None], [None, 'X', None], [None, None, None]], 'current_player': 'O', 'game_active': True, 'players': {'X': '127.0.0.1', 'O': '127.0.0.1'}, 'player_names': {'X': 'Alex1', 'O': 'Alex2'}}
2025-05-15 11:57:38,672 - INFO - Received state update: {'board': [['X', 'O', None], [None, 'X', None], [None, None, None]], 'current_player': 'O', 'game_active': True, 'players': {'X': '127.0.0.1', 'O': '127.0.0.1'}, 'player_names': {'X': 'Alex1', 'O': 'Alex2'}}
2025-05-15 11:57:39,549 - INFO - Making move - row: 0, col: 2, player: O
2025-05-15 11:57:39,550 - INFO - Move sent to server
2025-05-15 11:57:39,550 - INFO - Received message from ('127.0.0.1', 60131): {'type': 'move', 'row': 0, 'col': 2}
2025-05-15 11:57:39,551 - INFO - Received message: {'type': 'state_update', 'state': {'board': [['X', 'O', 'O'], [None, 'X', None], [None, None, None]], 'current_player': 'X', 'game_active': True, 'players': {'X': '127.0.0.1', 'O': '127.0.0.1'}, 'player_names': {'X': 'Alex1', 'O': 'Alex2'}}}
2025-05-15 11:57:39,551 - INFO - Received message: {'type': 'state_update', 'state': {'board': [['X', 'O', 'O'], [None, 'X', None], [None, None, None]], 'current_player': 'X', 'game_active': True, 'players': {'X': '127.0.0.1', 'O': '127.0.0.1'}, 'player_names': {'X': 'Alex1', 'O': 'Alex2'}}}
2025-05-15 11:57:39,551 - INFO - Received state update: {'board': [['X', 'O', 'O'], [None, 'X', None], [None, None, None]], 'current_player': 'X', 'game_active': True, 'players': {'X': '127.0.0.1', 'O': '127.0.0.1'}, 'player_names': {'X': 'Alex1', 'O': 'Alex2'}}
2025-05-15 11:57:39,551 - INFO - Received state update: {'board': [['X', 'O', 'O'], [None, 'X', None], [None, None, None]], 'current_player': 'X', 'game_active': True, 'players': {'X': '127.0.0.1', 'O': '127.0.0.1'}, 'player_names': {'X': 'Alex1', 'O': 'Alex2'}}
2025-05-15 11:57:40,376 - INFO - Making move - row: 2, col: 2, player: X
2025-05-15 11:57:40,377 - INFO - Move sent to server
2025-05-15 11:57:40,377 - INFO - Received message from ('127.0.0.1', 60121): {'type': 'move', 'row': 2, 'col': 2}
2025-05-15 11:57:40,377 - INFO - Received message: {'type': 'state_update', 'state': {'board': [['X', 'O', 'O'], [None, 'X', None], [None, None, 'X']], 'current_player': 'O', 'game_active': True, 'players': {'X': '127.0.0.1', 'O': '127.0.0.1'}, 'player_names': {'X': 'Alex1', 'O': 'Alex2'}}}
2025-05-15 11:57:40,378 - INFO - Received state update: {'board': [['X', 'O', 'O'], [None, 'X', None], [None, None, 'X']], 'current_player': 'O', 'game_active': True, 'players': {'X': '127.0.0.1', 'O': '127.0.0.1'}, 'player_names': {'X': 'Alex1', 'O': 'Alex2'}}
2025-05-15 11:57:40,377 - INFO - Received message: {'type': 'state_update', 'state': {'board': [['X', 'O', 'O'], [None, 'X', None], [None, None, 'X']], 'current_player': 'O', 'game_active': True, 'players': {'X': '127.0.0.1', 'O': '127.0.0.1'}, 'player_names': {'X': 'Alex1', 'O': 'Alex2'}}}
2025-05-15 11:57:40,378 - INFO - Received state update: {'board': [['X', 'O', 'O'], [None, 'X', None], [None, None, 'X']], 'current_player': 'O', 'game_active': True, 'players': {'X': '127.0.0.1', 'O': '127.0.0.1'}, 'player_names': {'X': 'Alex1', 'O': 'Alex2'}}
2025-05-15 11:57:40,378 - INFO - Received message: {'type': 'game_end', 'reason': 'Alex1 wins!', 'state': {'board': [['X', 'O', 'O'], [None, 'X', None], [None, None, 'X']], 'current_player': 'O', 'game_active': False, 'players': {'X': '127.0.0.1', 'O': '127.0.0.1'}, 'player_names': {'X': 'Alex1', 'O': 'Alex2'}}}
2025-05-15 11:57:40,379 - INFO - Game ended: Alex1 wins!
2025-05-15 11:57:40,379 - INFO - Received message: {'type': 'game_end', 'reason': 'Alex1 wins!', 'state': {'board': [['X', 'O', 'O'], [None, 'X', None], [None, None, 'X']], 'current_player': 'O', 'game_active': False, 'players': {'X': '127.0.0.1', 'O': '127.0.0.1'}, 'player_names': {'X': 'Alex1', 'O': 'Alex2'}}}
2025-05-15 11:57:40,379 - INFO - Game ended: Alex1 wins!
2025-05-15 11:57:42,748 - INFO - Received message from ('127.0.0.1', 60121): {'type': 'reset'}
2025-05-15 11:57:42,749 - INFO - Received message: {'type': 'start', 'state': {'board': [[None, None, None], [None, None, None], [None, None, None]], 'current_player': 'X', 'game_active': True, 'players': {'X': '127.0.0.1', 'O': '127.0.0.1'}, 'player_names': {'X': 'Alex1', 'O': 'Alex2'}}}
2025-05-15 11:57:42,749 - INFO - Received message: {'type': 'start', 'state': {'board': [[None, None, None], [None, None, None], [None, None, None]], 'current_player': 'X', 'game_active': True, 'players': {'X': '127.0.0.1', 'O': '127.0.0.1'}, 'player_names': {'X': 'Alex1', 'O': 'Alex2'}}}
2025-05-15 11:57:42,749 - INFO - Game started
2025-05-15 11:57:47,711 - INFO - Making move - row: 2, col: 0, player: X
2025-05-15 11:57:47,711 - INFO - Move sent to server
2025-05-15 11:57:47,712 - INFO - Received message from ('127.0.0.1', 60121): {'type': 'move', 'row': 2, 'col': 0}
2025-05-15 11:57:47,712 - INFO - Received message: {'type': 'state_update', 'state': {'board': [[None, None, None], [None, None, None], ['X', None, None]], 'current_player': 'O', 'game_active': True, 'players': {'X': '127.0.0.1', 'O': '127.0.0.1'}, 'player_names': {'X': 'Alex1', 'O': 'Alex2'}}}
2025-05-15 11:57:47,713 - INFO - Received message: {'type': 'state_update', 'state': {'board': [[None, None, None], [None, None, None], ['X', None, None]], 'current_player': 'O', 'game_active': True, 'players': {'X': '127.0.0.1', 'O': '127.0.0.1'}, 'player_names': {'X': 'Alex1', 'O': 'Alex2'}}}
2025-05-15 11:57:47,713 - INFO - Received state update: {'board': [[None, None, None], [None, None, None], ['X', None, None]], 'current_player': 'O', 'game_active': True, 'players': {'X': '127.0.0.1', 'O': '127.0.0.1'}, 'player_names': {'X': 'Alex1', 'O': 'Alex2'}}
2025-05-15 11:57:47,713 - INFO - Received state update: {'board': [[None, None, None], [None, None, None], ['X', None, None]], 'current_player': 'O', 'game_active': True, 'players': {'X': '127.0.0.1', 'O': '127.0.0.1'}, 'player_names': {'X': 'Alex1', 'O': 'Alex2'}}
2025-05-15 11:57:48,871 - INFO - Making move - row: 0, col: 0, player: O
2025-05-15 11:57:48,872 - INFO - Move sent to server
2025-05-15 11:57:48,872 - INFO - Received message from ('127.0.0.1', 60131): {'type': 'move', 'row': 0, 'col': 0}
2025-05-15 11:57:48,872 - INFO - Received message: {'type': 'state_update', 'state': {'board': [['O', None, None], [None, None, None], ['X', None, None]], 'current_player': 'X', 'game_active': True, 'players': {'X': '127.0.0.1', 'O': '127.0.0.1'}, 'player_names': {'X': 'Alex1', 'O': 'Alex2'}}}
2025-05-15 11:57:48,873 - INFO - Received state update: {'board': [['O', None, None], [None, None, None], ['X', None, None]], 'current_player': 'X', 'game_active': True, 'players': {'X': '127.0.0.1', 'O': '127.0.0.1'}, 'player_names': {'X': 'Alex1', 'O': 'Alex2'}}
2025-05-15 11:57:48,873 - INFO - Received state update: {'board': [['O', None, None], [None, None, None], ['X', None, None]], 'current_player': 'X', 'game_active': True, 'players': {'X': '127.0.0.1', 'O': '127.0.0.1'}, 'player_names': {'X': 'Alex1', 'O': 'Alex2'}}
2025-05-15 11:57:50,058 - INFO - Making move - row: 1, col: 0, player: X
2025-05-15 11:57:50,058 - INFO - Move sent to server
2025-05-15 11:57:50,058 - INFO - Received message from ('127.0.0.1', 60121): {'type': 'move', 'row': 1, 'col': 0}
2025-05-15 11:57:50,059 - INFO - Received message: {'type': 'state_update', 'state': {'board': [['O', None, None], ['X', None, None], ['X', None, None]], 'current_player': 'O', 'game_active': True, 'players': {'X': '127.0.0.1', 'O': '127.0.0.1'}, 'player_names': {'X': 'Alex1', 'O': 'Alex2'}}}
2025-05-15 11:57:50,059 - INFO - Received message: {'type': 'state_update', 'state': {'board': [['O', None, None], ['X', None, None], ['X', None, None]], 'current_player': 'O', 'game_active': True, 'players': {'X': '127.0.0.1', 'O': '127.0.0.1'}, 'player_names': {'X': 'Alex1', 'O': 'Alex2'}}}
2025-05-15 11:57:50,059 - INFO - Received state update: {'board': [['O', None, None], ['X', None, None], ['X', None, None]], 'current_player': 'O', 'game_active': True, 'players': {'X': '127.0.0.1', 'O': '127.0.0.1'}, 'player_names': {'X': 'Alex1', 'O': 'Alex2'}}
2025-05-15 11:57:50,882 - INFO - Making move - row: 1, col: 1, player: O
2025-05-15 11:57:50,882 - INFO - Move sent to server
2025-05-15 11:57:50,882 - INFO - Received message from ('127.0.0.1', 60131): {'type': 'move', 'row': 1, 'col': 1}
2025-05-15 11:57:50,883 - INFO - Received message: {'type': 'state_update', 'state': {'board': [['O', None, None], ['X', 'O', None], ['X', None, None]], 'current_player': 'X', 'game_active': True, 'players': {'X': '127.0.0.1', 'O': '127.0.0.1'}, 'player_names': {'X': 'Alex1', 'O': 'Alex2'}}}
2025-05-15 11:57:50,883 - INFO - Received message: {'type': 'state_update', 'state': {'board': [['O', None, None], ['X', 'O', None], ['X', None, None]], 'current_player': 'X', 'game_active': True, 'players': {'X': '127.0.0.1', 'O': '127.0.0.1'}, 'player_names': {'X': 'Alex1', 'O': 'Alex2'}}}
2025-05-15 11:57:50,883 - INFO - Received state update: {'board': [['O', None, None], ['X', 'O', None], ['X', None, None]], 'current_player': 'X', 'game_active': True, 'players': {'X': '127.0.0.1', 'O': '127.0.0.1'}, 'player_names': {'X': 'Alex1', 'O': 'Alex2'}}
2025-05-15 11:57:50,883 - INFO - Received state update: {'board': [['O', None, None], ['X', 'O', None], ['X', None, None]], 'current_player': 'X', 'game_active': True, 'players': {'X': '127.0.0.1', 'O': '127.0.0.1'}, 'player_names': {'X': 'Alex1', 'O': 'Alex2'}}
2025-05-15 11:57:51,813 - INFO - Making move - row: 0, col: 2, player: X
2025-05-15 11:57:51,813 - INFO - Move sent to server
2025-05-15 11:57:51,814 - INFO - Received message from ('127.0.0.1', 60121): {'type': 'move', 'row': 0, 'col': 2}
2025-05-15 11:57:51,814 - INFO - Received message: {'type': 'state_update', 'state': {'board': [['O', None, 'X'], ['X', 'O', None], ['X', None, None]], 'current_player': 'O', 'game_active': True, 'players': {'X': '127.0.0.1', 'O': '127.0.0.1'}, 'player_names': {'X': 'Alex1', 'O': 'Alex2'}}}
2025-05-15 11:57:51,815 - INFO - Received state update: {'board': [['O', None, 'X'], ['X', 'O', None], ['X', None, None]], 'current_player': 'O', 'game_active': True, 'players': {'X': '127.0.0.1', 'O': '127.0.0.1'}, 'player_names': {'X': 'Alex1', 'O': 'Alex2'}}
2025-05-15 11:57:51,815 - INFO - Received state update: {'board': [['O', None, 'X'], ['X', 'O', None], ['X', None, None]], 'current_player': 'O', 'game_active': True, 'players': {'X': '127.0.0.1', 'O': '127.0.0.1'}, 'player_names': {'X': 'Alex1', 'O': 'Alex2'}}
2025-05-15 11:57:52,733 - INFO - Making move - row: 2, col: 2, player: O
2025-05-15 11:57:52,734 - INFO - Move sent to server
2025-05-15 11:57:52,734 - INFO - Received message from ('127.0.0.1', 60131): {'type': 'move', 'row': 2, 'col': 2}
2025-05-15 11:57:52,734 - INFO - Received message: {'type': 'state_update', 'state': {'board': [['O', None, 'X'], ['X', 'O', None], ['X', None, 'O']], 'current_player': 'X', 'game_active': True, 'players': {'X': '127.0.0.1', 'O': '127.0.0.1'}, 'player_names': {'X': 'Alex1', 'O': 'Alex2'}}}
2025-05-15 11:57:52,734 - INFO - Received message: {'type': 'state_update', 'state': {'board': [['O', None, 'X'], ['X', 'O', None], ['X', None, 'O']], 'current_player': 'X', 'game_active': True, 'players': {'X': '127.0.0.1', 'O': '127.0.0.1'}, 'player_names': {'X': 'Alex1', 'O': 'Alex2'}}}
2025-05-15 11:57:52,735 - INFO - Received state update: {'board': [['O', None, 'X'], ['X', 'O', None], ['X', None, 'O']], 'current_player': 'X', 'game_active': True, 'players': {'X': '127.0.0.1', 'O': '127.0.0.1'}, 'player_names': {'X': 'Alex1', 'O': 'Alex2'}}
2025-05-15 11:57:52,735 - INFO - Received message: {'type': 'game_end', 'reason': 'Alex2 wins!', 'state': {'board': [['O', None, 'X'], ['X', 'O', None], ['X', None, 'O']], 'current_player': 'X', 'game_active': False, 'players': {'X': '127.0.0.1', 'O': '127.0.0.1'}, 'player_names': {'X': 'Alex1', 'O': 'Alex2'}}}
2025-05-15 11:57:52,735 - INFO - Received message: {'type': 'game_end', 'reason': 'Alex2 wins!', 'state': {'board': [['O', None, 'X'], ['X', 'O', None], ['X', None, 'O']], 'current_player': 'X', 'game_active': False, 'players': {'X': '127.0.0.1', 'O': '127.0.0.1'}, 'player_names': {'X': 'Alex1', 'O': 'Alex2'}}}
2025-05-15 11:57:52,736 - INFO - Game ended: Alex2 wins!
2025-05-15 11:57:52,736 - INFO - Game ended: Alex2 wins!
2025-05-15 11:57:54,288 - INFO - Received message from ('127.0.0.1', 60131): {'type': 'reset'}
2025-05-15 11:57:54,289 - INFO - Received message: {'type': 'start', 'state': {'board': [[None, None, None], [None, None, None], [None, None, None]], 'current_player': 'X', 'game_active': True, 'players': {'X': '127.0.0.1', 'O': '127.0.0.1'}, 'player_names': {'X': 'Alex1', 'O': 'Alex2'}}}
2025-05-15 11:57:54,289 - INFO - Received message: {'type': 'start', 'state': {'board': [[None, None, None], [None, None, None], [None, None, None]], 'current_player': 'X', 'game_active': True, 'players': {'X': '127.0.0.1', 'O': '127.0.0.1'}, 'player_names': {'X': 'Alex1', 'O': 'Alex2'}}}
2025-05-15 11:57:54,289 - INFO - Game started
2025-05-15 11:57:54,289 - INFO - Game started
2025-05-15 11:57:58,623 - INFO - Making move - row: 0, col: 1, player: X
2025-05-15 11:57:58,624 - INFO - Move sent to server
2025-05-15 11:57:58,624 - INFO - Received message from ('127.0.0.1', 60121): {'type': 'move', 'row': 0, 'col': 1}
2025-05-15 11:57:58,624 - INFO - Received message: {'type': 'state_update', 'state': {'board': [[None, 'X', None], [None, None, None], [None, None, None]], 'current_player': 'O', 'game_active': True, 'players': {'X': '127.0.0.1', 'O': '127.0.0.1'}, 'player_names': {'X': 'Alex1', 'O': 'Alex2'}}}
2025-05-15 11:57:58,624 - INFO - Received state update: {'board': [[None, 'X', None], [None, None, None], [None, None, None]], 'current_player': 'O', 'game_active': True, 'players': {'X': '127.0.0.1', 'O': '127.0.0.1'}, 'player_names': {'X': 'Alex1', 'O': 'Alex2'}}
X': 'Alex1', 'O': 'Alex2'}}}
2025-05-15 11:57:58,626 - INFO - Received state update: {'board': [[None, 'X', None], [None, None, None], [None, None, None]], 'current_player': 'O', 'game_active': True, 'players': {'X': '127.0.0.1', 'O': '127.0.0.1'}, 'player_names': {'X': 'Alex1', 'O': 'Alex2'}}
2025-05-15 11:57:59,647 - INFO - Making move - row: 1, col: 0, player: O
2025-05-15 11:57:59,648 - INFO - Move sent to server
2025-05-15 11:57:59,648 - INFO - Received message from ('127.0.0.1', 60131): {'type': 'move', 'row': 1, 'col': 0}
2025-05-15 11:57:59,648 - INFO - Received message: {'type': 'state_update', 'state': {'board': [[None, 'X', None], ['O', None, None], [None, None, None]], 'current_player': 'X', 'game_active': True, 'players': {'X': '127.0.0.1', 'O': '127.0.0.1'}, 'player_names': {'X': 'Alex1', 'O': 'Alex2'}}}
2025-05-15 11:57:59,648 - INFO - Received state update: {'board': [[None, 'X', None], ['O', None, None], [None, None, None]], 'current_player': 'X', 'game_active': True, 'players': {'X': '127.0.0.1', 'O': '127.0.0.1'}, 'player_names': {'X': 'Alex1', 'O': 'Alex2'}}
2025-05-15 11:57:59,648 - INFO - Received state update: {'board': [[None, 'X', None], ['O', None, None], [None, None, None]], 'current_player': 'X', 'game_active': True, 'players': {'X': '127.0.0.1', 'O': '127.0.0.1'}, 'player_names': {'X': 'Alex1', 'O': 'Alex2'}}
2025-05-15 11:58:00,626 - INFO - Making move - row: 1, col: 1, player: X
2025-05-15 11:58:00,626 - INFO - Received message from ('127.0.0.1', 60121): {'type': 'move', 'row': 1, 'col': 1}
2025-05-15 11:58:00,626 - INFO - Move sent to server
2025-05-15 11:58:00,627 - INFO - Received message: {'type': 'state_update', 'state': {'board': [[None, 'X', None], ['O', 'X', None], [None, None, None]], 'current_player': 'O', 'game_active': True, 'players': {'X': '127.0.0.1', 'O': '127.0.0.1'}, 'player_names': {'X': 'Alex1', 'O': 'Alex2'}}}
2025-05-15 11:58:00,627 - INFO - Received message: {'type': 'state_update', 'state': {'board': [[None, 'X', None], ['O', 'X', None], [None, None, None]], 'current_player': 'O', 'game_active': True, 'players': {'X': '127.0.0.1', 'O': '127.0.0.1'}, 'player_names': {'X': 'Alex1', 'O': 'Alex2'}}}
2025-05-15 11:58:00,627 - INFO - Received state update: {'board': [[None, 'X', None], ['O', 'X', None], [None, None, None]], 'current_player': 'O', 'game_active': True, 'players': {'X': '127.0.0.1', 'O': '127.0.0.1'}, 'player_names': {'X': 'Alex1', 'O': 'Alex2'}}
2025-05-15 11:58:00,627 - INFO - Received state update: {'board': [[None, 'X', None], ['O', 'X', None], [None, None, None]], 'current_player': 'O', 'game_active': True, 'players': {'X': '127.0.0.1', 'O': '127.0.0.1'}, 'player_names': {'X': 'Alex1', 'O': 'Alex2'}}
2025-05-15 11:58:01,660 - INFO - Making move - row: 0, col: 2, player: O
2025-05-15 11:58:01,660 - INFO - Move sent to server
2025-05-15 11:58:01,661 - INFO - Received message from ('127.0.0.1', 60131): {'type': 'move', 'row': 0, 'col': 2}
2025-05-15 11:58:01,661 - INFO - Received message: {'type': 'state_update', 'state': {'board': [[None, 'X', 'O'], ['O', 'X', None], [None, None, None]], 'current_player': 'X', 'game_active': True, 'players': {'X': '127.0.0.1', 'O': '127.0.0.1'}, 'player_names': {'X': 'Alex1', 'O': 'Alex2'}}}
2025-05-15 11:58:01,662 - INFO - Received state update: {'board': [[None, 'X', 'O'], ['O', 'X', None], [None, None, None]], 'current_player': 'X', 'game_active': True, 'players': {'X': '127.0.0.1', 'O': '127.0.0.1'}, 'player_names': {'X': 'Alex1', 'O': 'Alex2'}}
2025-05-15 11:58:02,451 - INFO - Making move - row: 2, col: 1, player: X
2025-05-15 11:58:02,452 - INFO - Move sent to server
2025-05-15 11:58:02,452 - INFO - Received message from ('127.0.0.1', 60121): {'type': 'move', 'row': 2, 'col': 1}
2025-05-15 11:58:02,453 - INFO - Received message: {'type': 'state_update', 'state': {'board': [[None, 'X', 'O'], ['O', 'X', None], [None, 'X', None]], 'current_player': 'O', 'game_active': True, 'players': {'X': '127.0.0.1', 'O': '127.0.0.1'}, 'player_names': {'X': 'Alex1', 'O': 'Alex2'}}}
2025-05-15 11:58:02,453 - INFO - Received state update: {'board': [[None, 'X', 'O'], ['O', 'X', None], [None, 'X', None]], 'current_player': 'O', 'game_active': True, 'players': {'X': '127.0.0.1', 'O': '127.0.0.1'}, 'player_names': {'X': 'Alex1', 'O': 'Alex2'}}
2025-05-15 11:58:02,453 - INFO - Received state update: {'board': [[None, 'X', 'O'], ['O', 'X', None], [None, 'X', None]], 'current_player': 'O', 'game_active': True, 'players': {'X': '127.0.0.1', 'O': '127.0.0.1'}, 'player_names': {'X': 'Alex1', 'O': 'Alex2'}}
2025-05-15 11:58:02,454 - INFO - Received message: {'type': 'game_end', 'reason': 'Alex1 wins!', 'state': {'board': [[None, 'X', 'O'], ['O', 'X', None], [None, 'X', None]], 'current_player': 'O', 'game_active': False, 'players': {'X': '127.0.0.1', 'O': '127.0.0.1'}, 'player_names': {'X': 'Alex1', 'O': 'Alex2'}}}
2025-05-15 11:58:02,454 - INFO - Received message: {'type': 'game_end', 'reason': 'Alex1 wins!', 'state': {'board': [[None, 'X', 'O'], ['O', 'X', None], [None, 'X', None]], 'current_player': 'O', 'game_active': False, 'players': {'X': '127.0.0.1', 'O': '127.0.0.1'}, 'player_names': {'X': 'Alex1', 'O': 'Alex2'}}}
2025-05-15 11:58:02,454 - INFO - Game ended: Alex1 wins!
2025-05-15 11:58:02,454 - INFO - Game ended: Alex1 wins!
2025-05-15 11:58:04,128 - INFO - Received message from ('127.0.0.1', 60121): {'type': 'reset'}
2025-05-15 11:58:04,129 - INFO - Received message: {'type': 'start', 'state': {'board': [[None, None, None], [None, None, None], [None, None, None]], 'current_player': 'X', 'game_active': True, 'players': {'X': '127.0.0.1', 'O': '127.0.0.1'}, 'player_names': {'X': 'Alex1', 'O': 'Alex2'}}}
2025-05-15 11:58:04,129 - INFO - Received message: {'type': 'start', 'state': {'board': [[None, None, None], [None, None, None], [None, None, None]], 'current_player': 'X', 'game_active': True, 'players': {'X': '127.0.0.1', 'O': '127.0.0.1'}, 'player_names': {'X': 'Alex1', 'O': 'Alex2'}}}
2025-05-15 11:58:04,129 - INFO - Game started
2025-05-15 11:58:04,129 - INFO - Game started
2025-05-15 11:58:05,480 - WARNING - Not player's turn
2025-05-15 11:58:07,597 - INFO - Making move - row: 0, col: 2, player: X
2025-05-15 11:58:07,597 - INFO - Move sent to server
2025-05-15 11:58:07,598 - INFO - Received message from ('127.0.0.1', 60121): {'type': 'move', 'row': 0, 'col': 2}
2025-05-15 11:58:07,598 - INFO - Received message: {'type': 'state_update', 'state': {'board': [[None, None, 'X'], [None, None, None], [None, None, None]], 'current_player': 'O', 'game_active': True, 'players': {'X': '127.0.0.1', 'O': '127.0.0.1'}, 'player_names': {'X': 'Alex1', 'O': 'Alex2'}}}
2025-05-15 11:58:07,599 - INFO - Received state update: {'board': [[None, None, 'X'], [None, None, None], [None, None, None]], 'current_player': 'O', 'game_active': True, 'players': {'X': '127.0.0.1', 'O': '127.0.0.1'}, 'player_names': {'X': 'Alex1', 'O': 'Alex2'}}
2025-05-15 11:58:07,599 - INFO - Received message: {'type': 'state_update', 'state': {'board': [[None, None, 'X'], [None, None, None], [None, None, None]], 'current_player': 'O', 'game_active': True, 'players': {'X': '127.0.0.1', 'O': '127.0.0.1'}, 'player_names': {'X': 'Alex1', 'O': 'Alex2'}}}
2025-05-15 11:58:07,599 - INFO - Received state update: {'board': [[None, None, 'X'], [None, None, None], [None, None, None]], 'current_player': 'O', 'game_active': True, 'players': {'X': '127.0.0.1', 'O': '127.0.0.1'}, 'player_names': {'X': 'Alex1', 'O': 'Alex2'}}
2025-05-15 11:58:09,493 - INFO - Making move - row: 1, col: 0, player: O
2025-05-15 11:58:09,493 - INFO - Received message from ('127.0.0.1', 60131): {'type': 'move', 'row': 1, 'col': 0}
2025-05-15 11:58:09,493 - INFO - Move sent to server
2025-05-15 11:58:09,494 - INFO - Received message: {'type': 'state_update', 'state': {'board': [[None, None, 'X'], ['O', None, None], [None, None, None]], 'current_player': 'X', 'game_active': True, 'players': {'X': '127.0.0.1', 'O': '127.0.0.1'}, 'player_names': {'X': 'Alex1', 'O': 'Alex2'}}}
2025-05-15 11:58:09,494 - INFO - Received message: {'type': 'state_update', 'state': {'board': [[None, None, 'X'], ['O', None, None], [None, None, None]], 'current_player': 'X', 'game_active': True, 'players': {'X': '127.0.0.1', 'O': '127.0.0.1'}, 'player_names': {'X': 'Alex1', 'O': 'Alex2'}}}
2025-05-15 11:58:09,494 - INFO - Received state update: {'board': [[None, None, 'X'], ['O', None, None], [None, None, None]], 'current_player': 'X', 'game_active': True, 'players': {'X': '127.0.0.1', 'O': '127.0.0.1'}, 'player_names': {'X': 'Alex1', 'O': 'Alex2'}}
2025-05-15 11:58:09,494 - INFO - Received state update: {'board': [[None, None, 'X'], ['O', None, None], [None, None, None]], 'current_player': 'X', 'game_active': True, 'players': {'X': '127.0.0.1', 'O': '127.0.0.1'}, 'player_names': {'X': 'Alex1', 'O': 'Alex2'}}
2025-05-15 11:58:10,280 - INFO - Making move - row: 0, col: 1, player: X
2025-05-15 11:58:10,280 - INFO - Move sent to server
2025-05-15 11:58:10,280 - INFO - Received message from ('127.0.0.1', 60121): {'type': 'move', 'row': 0, 'col': 1}
2025-05-15 11:58:10,281 - INFO - Received message: {'type': 'state_update', 'state': {'board': [[None, 'X', 'X'], ['O', None, None], [None, None, None]], 'current_player': 'O', 'game_active': True, 'players': {'X': '127.0.0.1', 'O': '127.0.0.1'}, 'player_names': {'X': 'Alex1', 'O': 'Alex2'}}}
2025-05-15 11:58:10,281 - INFO - Received message: {'type': 'state_update', 'state': {'board': [[None, 'X', 'X'], ['O', None, None], [None, None, None]], 'current_player': 'O', 'game_active': True, 'players': {'X': '127.0.0.1', 'O': '127.0.0.1'}, 'player_names': {'X': 'Alex1', 'O': 'Alex2'}}}
2025-05-15 11:58:10,281 - INFO - Received state update: {'board': [[None, 'X', 'X'], ['O', None, None], [None, None, None]], 'current_player': 'O', 'game_active': True, 'players': {'X': '127.0.0.1', 'O': '127.0.0.1'}, 'player_names': {'X': 'Alex1', 'O': 'Alex2'}}
2025-05-15 11:58:10,282 - INFO - Received state update: {'board': [[None, 'X', 'X'], ['O', None, None], [None, None, None]], 'current_player': 'O', 'game_active': True, 'players': {'X': '127.0.0.1', 'O': '127.0.0.1'}, 'player_names': {'X': 'Alex1', 'O': 'Alex2'}}
2025-05-15 11:58:11,384 - INFO - Making move - row: 1, col: 1, player: O
2025-05-15 11:58:11,384 - INFO - Move sent to server
2025-05-15 11:58:11,384 - INFO - Received message from ('127.0.0.1', 60131): {'type': 'move', 'row': 1, 'col': 1}
2025-05-15 11:58:11,385 - INFO - Received message: {'type': 'state_update', 'state': {'board': [[None, 'X', 'X'], ['O', 'O', None], [None, None, None]], 'current_player': 'X', 'game_active': True, 'players': {'X': '127.0.0.1', 'O': '127.0.0.1'}, 'player_names': {'X': 'Alex1', 'O': 'Alex2'}}}
2025-05-15 11:58:11,385 - INFO - Received message: {'type': 'state_update', 'state': {'board': [[None, 'X', 'X'], ['O', 'O', None], [None, None, None]], 'current_player': 'X', 'game_active': True, 'players': {'X': '127.0.0.1', 'O': '127.0.0.1'}, 'player_names': {'X': 'Alex1', 'O': 'Alex2'}}}
2025-05-15 11:58:11,385 - INFO - Received state update: {'board': [[None, 'X', 'X'], ['O', 'O', None], [None, None, None]], 'current_player': 'X', 'game_active': True, 'players': {'X': '127.0.0.1', 'O': '127.0.0.1'}, 'player_names': {'X': 'Alex1', 'O': 'Alex2'}}
2025-05-15 11:58:11,385 - INFO - Received state update: {'board': [[None, 'X', 'X'], ['O', 'O', None], [None, None, None]], 'current_player': 'X', 'game_active': True, 'players': {'X': '127.0.0.1', 'O': '127.0.0.1'}, 'player_names': {'X': 'Alex1', 'O': 'Alex2'}}
2025-05-15 11:58:12,186 - INFO - Making move - row: 2, col: 1, player: X
2025-05-15 11:58:12,187 - INFO - Move sent to server
2025-05-15 11:58:12,187 - INFO - Received message from ('127.0.0.1', 60121): {'type': 'move', 'row': 2, 'col': 1}
2025-05-15 11:58:12,187 - INFO - Received message: {'type': 'state_update', 'state': {'board': [[None, 'X', 'X'], ['O', 'O', None], [None, 'X', None]], 'current_player': 'O', 'game_active': True, 'players': {'X': '127.0.0.1', 'O': '127.0.0.1'}, 'player_names': {'X': 'Alex1', 'O': 'Alex2'}}}
2025-05-15 11:58:12,188 - INFO - Received state update: {'board': [[None, 'X', 'X'], ['O', 'O', None], [None, 'X', None]], 'current_player': 'O', 'game_active': True, 'players': {'X': '127.0.0.1', 'O': '127.0.0.1'}, 'player_names': {'X': 'Alex1', 'O': 'Alex2'}}
X': 'Alex1', 'O': 'Alex2'}}}
2025-05-15 11:58:12,188 - INFO - Received state update: {'board': [[None, 'X', 'X'], ['O', 'O', None], [None, 'X', None]], 'current_player': 'O', 'game_active': True, 'players': {'X': '127.0.0.1', 'O': '127.0.0.1'}, 'player_names': {'X': 'Alex1', 'O': 'Alex2'}}
2025-05-15 11:58:13,316 - INFO - Making move - row: 1, col: 2, player: O
2025-05-15 11:58:13,317 - INFO - Move sent to server
2025-05-15 11:58:13,317 - INFO - Received message from ('127.0.0.1', 60131): {'type': 'move', 'row': 1, 'col': 2}
2025-05-15 11:58:13,317 - INFO - Received message: {'type': 'state_update', 'state': {'board': [[None, 'X', 'X'], ['O', 'O', 'O'], [None, 'X', None]], 'current_player': 'X', 'game_active': True, 'players': {'X': '127.0.0.1', 'O': '127.0.0.1'}, 'player_names': {'X': 'Alex1', 'O': 'Alex2'}}}
2025-05-15 11:58:13,318 - INFO - Received message: {'type': 'state_update', 'state': {'board': [[None, 'X', 'X'], ['O', 'O', 'O'], [None, 'X', None]], 'current_player': 'X', 'game_active': True, 'players': {'X': '127.0.0.1', 'O': '127.0.0.1'}, 'player_names': {'X': 'Alex1', 'O': 'Alex2'}}}
2025-05-15 11:58:13,318 - INFO - Received state update: {'board': [[None, 'X', 'X'], ['O', 'O', 'O'], [None, 'X', None]], 'current_player': 'X', 'game_active': True, 'players': {'X': '127.0.0.1', 'O': '127.0.0.1'}, 'player_names': {'X': 'Alex1', 'O': 'Alex2'}}
2025-05-15 11:58:13,318 - INFO - Received state update: {'board': [[None, 'X', 'X'], ['O', 'O', 'O'], [None, 'X', None]], 'current_player': 'X', 'game_active': True, 'players': {'X': '127.0.0.1', 'O': '127.0.0.1'}, 'player_names': {'X': 'Alex1', 'O': 'Alex2'}}
2025-05-15 11:58:13,318 - INFO - Received message: {'type': 'game_end', 'reason': 'Alex2 wins!', 'state': {'board': [[None, 'X', 'X'], ['O', 'O', 'O'], [None, 'X', None]], 'current_player': 'X', 'game_active': False, 'players': {'X': '127.0.0.1', 'O': '127.0.0.1'}, 'player_names': {'X': 'Alex1', 'O': 'Alex2'}}}
2025-05-15 11:58:13,318 - INFO - Received message: {'type': 'game_end', 'reason': 'Alex2 wins!', 'state': {'board': [[None, 'X', 'X'], ['O', 'O', 'O'], [None, 'X', None]], 'current_player': 'X', 'game_active': False, 'players': {'X': '127.0.0.1', 'O': '127.0.0.1'}, 'player_names': {'X': 'Alex1', 'O': 'Alex2'}}}
2025-05-15 11:58:13,319 - INFO - Game ended: Alex2 wins!
2025-05-15 11:58:13,319 - INFO - Game ended: Alex2 wins!
2025-05-15 11:58:14,622 - INFO - Received message from ('127.0.0.1', 60131): {'type': 'reset'}
2025-05-15 11:58:14,623 - INFO - Received message: {'type': 'start', 'state': {'board': [[None, None, None], [None, None, None], [None, None, None]], 'current_player': 'X', 'game_active': True, 'players': {'X': '127.0.0.1', 'O': '127.0.0.1'}, 'player_names': {'X': 'Alex1', 'O': 'Alex2'}}}
2025-05-15 11:58:14,623 - INFO - Received message: {'type': 'start', 'state': {'board': [[None, None, None], [None, None, None], [None, None, None]], 'current_player': 'X', 'game_active': True, 'players': {'X': '127.0.0.1', 'O': '127.0.0.1'}, 'player_names': {'X': 'Alex1', 'O': 'Alex2'}}}
2025-05-15 11:58:14,623 - INFO - Game started
2025-05-15 11:58:14,623 - INFO - Game started
2025-05-15 11:58:24,674 - INFO - Making move - row: 0, col: 1, player: X
2025-05-15 11:58:24,675 - INFO - Move sent to server
2025-05-15 11:58:24,675 - INFO - Received message from ('127.0.0.1', 60121): {'type': 'move', 'row': 0, 'col': 1}
2025-05-15 11:58:24,675 - INFO - Received message: {'type': 'state_update', 'state': {'board': [[None, 'X', None], [None, None, None], [None, None, None]], 'current_player': 'O', 'game_active': True, 'players': {'X': '127.0.0.1', 'O': '127.0.0.1'}, 'player_names': {'X': 'Alex1', 'O': 'Alex2'}}}
2025-05-15 11:58:24,675 - INFO - Received message: {'type': 'state_update', 'state': {'board': [[None, 'X', None], [None, None, None], [None, None, None]], 'current_player': 'O', 'game_active': True, 'players': {'X': '127.0.0.1', 'O': '127.0.0.1'}, 'player_names': {'X': 'Alex1', 'O': 'Alex2'}}}
2025-05-15 11:58:24,676 - INFO - Received state update: {'board': [[None, 'X', None], [None, None, None], [None, None, None]], 'current_player': 'O', 'game_active': True, 'players': {'X': '127.0.0.1', 'O': '127.0.0.1'}, 'player_names': {'X': 'Alex1', 'O': 'Alex2'}}
2025-05-15 11:58:24,676 - INFO - Received state update: {'board': [[None, 'X', None], [None, None, None], [None, None, None]], 'current_player': 'O', 'game_active': True, 'players': {'X': '127.0.0.1', 'O': '127.0.0.1'}, 'player_names': {'X': 'Alex1', 'O': 'Alex2'}}
2025-05-15 11:58:25,836 - INFO - Making move - row: 1, col: 0, player: O
2025-05-15 11:58:25,836 - INFO - Move sent to server
2025-05-15 11:58:25,836 - INFO - Received message from ('127.0.0.1', 60131): {'type': 'move', 'row': 1, 'col': 0}
2025-05-15 11:58:25,837 - INFO - Received message: {'type': 'state_update', 'state': {'board': [[None, 'X', None], ['O', None, None], [None, None, None]], 'current_player': 'X', 'game_active': True, 'players': {'X': '127.0.0.1', 'O': '127.0.0.1'}, 'player_names': {'X': 'Alex1', 'O': 'Alex2'}}}
2025-05-15 11:58:25,837 - INFO - Received state update: {'board': [[None, 'X', None], ['O', None, None], [None, None, None]], 'current_player': 'X', 'game_active': True, 'players': {'X': '127.0.0.1', 'O': '127.0.0.1'}, 'player_names': {'X': 'Alex1', 'O': 'Alex2'}}
2025-05-15 11:58:25,837 - INFO - Received message: {'type': 'state_update', 'state': {'board': [[None, 'X', None], ['O', None, None], [None, None, None]], 'current_player': 'X', 'game_active': True, 'players': {'X': '127.0.0.1', 'O': '127.0.0.1'}, 'player_names': {'X': 'Alex1', 'O': 'Alex2'}}}
2025-05-15 11:58:25,838 - INFO - Received state update: {'board': [[None, 'X', None], ['O', None, None], [None, None, None]], 'current_player': 'X', 'game_active': True, 'players': {'X': '127.0.0.1', 'O': '127.0.0.1'}, 'player_names': {'X': 'Alex1', 'O': 'Alex2'}}
2025-05-15 11:58:27,261 - INFO - Making move - row: 0, col: 2, player: X
2025-05-15 11:58:27,262 - INFO - Received message from ('127.0.0.1', 60121): {'type': 'move', 'row': 0, 'col': 2}
2025-05-15 11:58:27,262 - INFO - Move sent to server
2025-05-15 11:58:27,263 - INFO - Received message: {'type': 'state_update', 'state': {'board': [[None, 'X', 'X'], ['O', None, None], [None, None, None]], 'current_player': 'O', 'game_active': True, 'players': {'X': '127.0.0.1', 'O': '127.0.0.1'}, 'player_names': {'X': 'Alex1', 'O': 'Alex2'}}}
2025-05-15 11:58:27,263 - INFO - Received state update: {'board': [[None, 'X', 'X'], ['O', None, None], [None, None, None]], 'current_player': 'O', 'game_active': True, 'players': {'X': '127.0.0.1', 'O': '127.0.0.1'}, 'player_names': {'X': 'Alex1', 'O': 'Alex2'}}
2025-05-15 11:58:27,263 - INFO - Received message: {'type': 'state_update', 'state': {'board': [[None, 'X', 'X'], ['O', None, None], [None, None, None]], 'current_player': 'O', 'game_active': True, 'players': {'X': '127.0.0.1', 'O': '127.0.0.1'}, 'player_names': {'X': 'Alex1', 'O': 'Alex2'}}}
2025-05-15 11:58:27,263 - INFO - Received state update: {'board': [[None, 'X', 'X'], ['O', None, None], [None, None, None]], 'current_player': 'O', 'game_active': True, 'players': {'X': '127.0.0.1', 'O': '127.0.0.1'}, 'player_names': {'X': 'Alex1', 'O': 'Alex2'}}
2025-05-15 11:58:28,207 - INFO - Making move - row: 2, col: 2, player: O
2025-05-15 11:58:28,208 - INFO - Move sent to server
2025-05-15 11:58:28,208 - INFO - Received message from ('127.0.0.1', 60131): {'type': 'move', 'row': 2, 'col': 2}
2025-05-15 11:58:28,209 - INFO - Received message: {'type': 'state_update', 'state': {'board': [[None, 'X', 'X'], ['O', None, None], [None, None, 'O']], 'current_player': 'X', 'game_active': True, 'players': {'X': '127.0.0.1', 'O': '127.0.0.1'}, 'player_names': {'X': 'Alex1', 'O': 'Alex2'}}}
2025-05-15 11:58:28,209 - INFO - Received state update: {'board': [[None, 'X', 'X'], ['O', None, None], [None, None, 'O']], 'current_player': 'X', 'game_active': True, 'players': {'X': '127.0.0.1', 'O': '127.0.0.1'}, 'player_names': {'X': 'Alex1', 'O': 'Alex2'}}
X': 'Alex1', 'O': 'Alex2'}}}
2025-05-15 11:58:28,209 - INFO - Received state update: {'board': [[None, 'X', 'X'], ['O', None, None], [None, None, 'O']], 'current_player': 'X', 'game_active': True, 'players': {'X': '127.0.0.1', 'O': '127.0.0.1'}, 'player_names': {'X': 'Alex1', 'O': 'Alex2'}}
2025-05-15 11:58:29,217 - INFO - Making move - row: 1, col: 1, player: X
2025-05-15 11:58:29,217 - INFO - Move sent to server
2025-05-15 11:58:29,217 - INFO - Received message from ('127.0.0.1', 60121): {'type': 'move', 'row': 1, 'col': 1}
2025-05-15 11:58:29,218 - INFO - Received message: {'type': 'state_update', 'state': {'board': [[None, 'X', 'X'], ['O', 'X', None], [None, None, 'O']], 'current_player': 'O', 'game_active': True, 'players': {'X': '127.0.0.1', 'O': '127.0.0.1'}, 'player_names': {'X': 'Alex1', 'O': 'Alex2'}}}
2025-05-15 11:58:29,218 - INFO - Received message: {'type': 'state_update', 'state': {'board': [[None, 'X', 'X'], ['O', 'X', None], [None, None, 'O']], 'current_player': 'O', 'game_active': True, 'players': {'X': '127.0.0.1', 'O': '127.0.0.1'}, 'player_names': {'X': 'Alex1', 'O': 'Alex2'}}}
2025-05-15 11:58:29,218 - INFO - Received state update: {'board': [[None, 'X', 'X'], ['O', 'X', None], [None, None, 'O']], 'current_player': 'O', 'game_active': True, 'players': {'X': '127.0.0.1', 'O': '127.0.0.1'}, 'player_names': {'X': 'Alex1', 'O': 'Alex2'}}
2025-05-15 11:58:29,218 - INFO - Received state update: {'board': [[None, 'X', 'X'], ['O', 'X', None], [None, None, 'O']], 'current_player': 'O', 'game_active': True, 'players': {'X': '127.0.0.1', 'O': '127.0.0.1'}, 'player_names': {'X': 'Alex1', 'O': 'Alex2'}}
2025-05-15 11:58:31,867 - INFO - Making move - row: 2, col: 0, player: O
2025-05-15 11:58:31,868 - INFO - Move sent to server
2025-05-15 11:58:31,868 - INFO - Received message from ('127.0.0.1', 60131): {'type': 'move', 'row': 2, 'col': 0}
2025-05-15 11:58:31,868 - INFO - Received message: {'type': 'state_update', 'state': {'board': [[None, 'X', 'X'], ['O', 'X', None], ['O', None, 'O']], 'current_player': 'X', 'game_active': True, 'players': {'X': '127.0.0.1', 'O': '127.0.0.1'}, 'player_names': {'X': 'Alex1', 'O': 'Alex2'}}}
2025-05-15 11:58:31,869 - INFO - Received message: {'type': 'state_update', 'state': {'board': [[None, 'X', 'X'], ['O', 'X', None], ['O', None, 'O']], 'current_player': 'X', 'game_active': True, 'players': {'X': '127.0.0.1', 'O': '127.0.0.1'}, 'player_names': {'X': 'Alex1', 'O': 'Alex2'}}}
2025-05-15 11:58:31,869 - INFO - Received state update: {'board': [[None, 'X', 'X'], ['O', 'X', None], ['O', None, 'O']], 'current_player': 'X', 'game_active': True, 'players': {'X': '127.0.0.1', 'O': '127.0.0.1'}, 'player_names': {'X': 'Alex1', 'O': 'Alex2'}}
2025-05-15 11:58:31,869 - INFO - Received state update: {'board': [[None, 'X', 'X'], ['O', 'X', None], ['O', None, 'O']], 'current_player': 'X', 'game_active': True, 'players': {'X': '127.0.0.1', 'O': '127.0.0.1'}, 'player_names': {'X': 'Alex1', 'O': 'Alex2'}}
2025-05-15 11:58:32,894 - INFO - Making move - row: 2, col: 1, player: X
2025-05-15 11:58:32,895 - INFO - Move sent to server
2025-05-15 11:58:32,895 - INFO - Received message from ('127.0.0.1', 60121): {'type': 'move', 'row': 2, 'col': 1}
2025-05-15 11:58:32,895 - INFO - Received message: {'type': 'state_update', 'state': {'board': [[None, 'X', 'X'], ['O', 'X', None], ['O', 'X', 'O']], 'current_player': 'O', 'game_active': True, 'players': {'X': '127.0.0.1', 'O': '127.0.0.1'}, 'player_names': {'X': 'Alex1', 'O': 'Alex2'}}}
2025-05-15 11:58:32,895 - INFO - Received message: {'type': 'state_update', 'state': {'board': [[None, 'X', 'X'], ['O', 'X', None], ['O', 'X', 'O']], 'current_player': 'O', 'game_active': True, 'players': {'X': '127.0.0.1', 'O': '127.0.0.1'}, 'player_names': {'X': 'Alex1', 'O': 'Alex2'}}}
2025-05-15 11:58:32,896 - INFO - Received state update: {'board': [[None, 'X', 'X'], ['O', 'X', None], ['O', 'X', 'O']], 'current_player': 'O', 'game_active': True, 'players': {'X': '127.0.0.1', 'O': '127.0.0.1'}, 'player_names': {'X': 'Alex1', 'O': 'Alex2'}}
2025-05-15 11:58:32,896 - INFO - Received state update: {'board': [[None, 'X', 'X'], ['O', 'X', None], ['O', 'X', 'O']], 'current_player': 'O', 'game_active': True, 'players': {'X': '127.0.0.1', 'O': '127.0.0.1'}, 'player_names': {'X': 'Alex1', 'O': 'Alex2'}}
2025-05-15 11:58:32,896 - INFO - Received message: {'type': 'game_end', 'reason': 'Alex1 wins!', 'state': {'board': [[None, 'X', 'X'], ['O', 'X', None], ['O', 'X', 'O']], 'current_player': 'O', 'game_active': False, 'players': {'X': '127.0.0.1', 'O': '127.0.0.1'}, 'player_names': {'X': 'Alex1', 'O': 'Alex2'}}}
2025-05-15 11:58:32,896 - INFO - Received message: {'type': 'game_end', 'reason': 'Alex1 wins!', 'state': {'board': [[None, 'X', 'X'], ['O', 'X', None], ['O', 'X', 'O']], 'current_player': 'O', 'game_active': False, 'players': {'X': '127.0.0.1', 'O': '127.0.0.1'}, 'player_names': {'X': 'Alex1', 'O': 'Alex2'}}}
2025-05-15 11:58:32,896 - INFO - Game ended: Alex1 wins!
2025-05-15 11:58:32,897 - INFO - Game ended: Alex1 wins!
2025-05-15 11:58:34,901 - INFO - Received message from ('127.0.0.1', 60131): {'type': 'reset'}
2025-05-15 11:58:34,901 - INFO - Received message: {'type': 'start', 'state': {'board': [[None, None, None], [None, None, None], [None, None, None]], 'current_player': 'X', 'game_active': True, 'players': {'X': '127.0.0.1', 'O': '127.0.0.1'}, 'player_names': {'X': 'Alex1', 'O': 'Alex2'}}}
2025-05-15 11:58:34,902 - INFO - Game started
2025-05-15 11:58:34,902 - INFO - Game started
2025-05-15 11:58:39,929 - WARNING - Not player's turn
2025-05-15 11:58:41,780 - INFO - Making move - row: 0, col: 0, player: X
2025-05-15 11:58:41,781 - INFO - Move sent to server
2025-05-15 11:58:41,781 - INFO - Received message from ('127.0.0.1', 60121): {'type': 'move', 'row': 0, 'col': 0}
2025-05-15 11:58:41,782 - INFO - Received message: {'type': 'state_update', 'state': {'board': [['X', None, None], [None, None, None], [None, None, None]], 'current_player': 'O', 'game_active': True, 'players': {'X': '127.0.0.1', 'O': '127.0.0.1'}, 'player_names': {'X': 'Alex1', 'O': 'Alex2'}}}
2025-05-15 11:58:41,782 - INFO - Received message: {'type': 'state_update', 'state': {'board': [['X', None, None], [None, None, None], [None, None, None]], 'current_player': 'O', 'game_active': True, 'players': {'X': '127.0.0.1', 'O': '127.0.0.1'}, 'player_names': {'X': 'Alex1', 'O': 'Alex2'}}}
2025-05-15 11:58:41,782 - INFO - Received state update: {'board': [['X', None, None], [None, None, None], [None, None, None]], 'current_player': 'O', 'game_active': True, 'players': {'X': '127.0.0.1', 'O': '127.0.0.1'}, 'player_names': {'X': 'Alex1', 'O': 'Alex2'}}
2025-05-15 11:58:41,782 - INFO - Received state update: {'board': [['X', None, None], [None, None, None], [None, None, None]], 'current_player': 'O', 'game_active': True, 'players': {'X': '127.0.0.1', 'O': '127.0.0.1'}, 'player_names': {'X': 'Alex1', 'O': 'Alex2'}}
2025-05-15 11:58:42,559 - INFO - Received message from ('127.0.0.1', 60121): {'type': 'reset'}
2025-05-15 11:58:42,559 - INFO - Received message: {'type': 'start', 'state': {'board': [[None, None, None], [None, None, None], [None, None, None]], 'current_player': 'X', 'game_active': True, 'players': {'X': '127.0.0.1', 'O': '127.0.0.1'}, 'player_names': {'X': 'Alex1', 'O': 'Alex2'}}}
2025-05-15 11:58:42,560 - INFO - Received message: {'type': 'start', 'state': {'board': [[None, None, None], [None, None, None], [None, None, None]], 'current_player': 'X', 'game_active': True, 'players': {'X': '127.0.0.1', 'O': '127.0.0.1'}, 'player_names': {'X': 'Alex1', 'O': 'Alex2'}}}
2025-05-15 11:58:42,560 - INFO - Game started
2025-05-15 11:58:42,560 - INFO - Game started
2025-05-15 11:58:43,600 - INFO - Making move - row: 1, col: 1, player: X
2025-05-15 11:58:43,601 - INFO - Move sent to server
2025-05-15 11:58:43,601 - INFO - Received message from ('127.0.0.1', 60121): {'type': 'move', 'row': 1, 'col': 1}
2025-05-15 11:58:43,602 - INFO - Received message: {'type': 'state_update', 'state': {'board': [[None, None, None], [None, 'X', None], [None, None, None]], 'current_player': 'O', 'game_active': True, 'players': {'X': '127.0.0.1', 'O': '127.0.0.1'}, 'player_names': {'X': 'Alex1', 'O': 'Alex2'}}}
2025-05-15 11:58:43,602 - INFO - Received state update: {'board': [[None, None, None], [None, 'X', None], [None, None, None]], 'current_player': 'O', 'game_active': True, 'players': {'X': '127.0.0.1', 'O': '127.0.0.1'}, 'player_names': {'X': 'Alex1', 'O': 'Alex2'}}
2025-05-15 11:58:43,602 - INFO - Received state update: {'board': [[None, None, None], [None, 'X', None], [None, None, None]], 'current_player': 'O', 'game_active': True, 'players': {'X': '127.0.0.1', 'O': '127.0.0.1'}, 'player_names': {'X': 'Alex1', 'O': 'Alex2'}}
2025-05-15 11:58:46,361 - INFO - Making move - row: 0, col: 0, player: O
2025-05-15 11:58:46,362 - INFO - Move sent to server
2025-05-15 11:58:46,362 - INFO - Received message from ('127.0.0.1', 60131): {'type': 'move', 'row': 0, 'col': 0}
2025-05-15 11:58:46,363 - INFO - Received message: {'type': 'state_update', 'state': {'board': [['O', None, None], [None, 'X', None], [None, None, None]], 'current_player': 'X', 'game_active': True, 'players': {'X': '127.0.0.1', 'O': '127.0.0.1'}, 'player_names': {'X': 'Alex1', 'O': 'Alex2'}}}
2025-05-15 11:58:46,363 - INFO - Received message: {'type': 'state_update', 'state': {'board': [['O', None, None], [None, 'X', None], [None, None, None]], 'current_player': 'X', 'game_active': True, 'players': {'X': '127.0.0.1', 'O': '127.0.0.1'}, 'player_names': {'X': 'Alex1', 'O': 'Alex2'}}}
2025-05-15 11:58:46,363 - INFO - Received state update: {'board': [['O', None, None], [None, 'X', None], [None, None, None]], 'current_player': 'X', 'game_active': True, 'players': {'X': '127.0.0.1', 'O': '127.0.0.1'}, 'player_names': {'X': 'Alex1', 'O': 'Alex2'}}
2025-05-15 11:58:46,363 - INFO - Received state update: {'board': [['O', None, None], [None, 'X', None], [None, None, None]], 'current_player': 'X', 'game_active': True, 'players': {'X': '127.0.0.1', 'O': '127.0.0.1'}, 'player_names': {'X': 'Alex1', 'O': 'Alex2'}}
2025-05-15 11:58:47,686 - INFO - Making move - row: 0, col: 2, player: X
2025-05-15 11:58:47,686 - INFO - Move sent to server
2025-05-15 11:58:47,686 - INFO - Received message from ('127.0.0.1', 60121): {'type': 'move', 'row': 0, 'col': 2}
2025-05-15 11:58:47,687 - INFO - Received message: {'type': 'state_update', 'state': {'board': [['O', None, 'X'], [None, 'X', None], [None, None, None]], 'current_player': 'O', 'game_active': True, 'players': {'X': '127.0.0.1', 'O': '127.0.0.1'}, 'player_names': {'X': 'Alex1', 'O': 'Alex2'}}}
2025-05-15 11:58:47,687 - INFO - Received state update: {'board': [['O', None, 'X'], [None, 'X', None], [None, None, None]], 'current_player': 'O', 'game_active': True, 'players': {'X': '127.0.0.1', 'O': '127.0.0.1'}, 'player_names': {'X': 'Alex1', 'O': 'Alex2'}}
X': 'Alex1', 'O': 'Alex2'}}}
2025-05-15 11:58:47,688 - INFO - Received state update: {'board': [['O', None, 'X'], [None, 'X', None], [None, None, None]], 'current_player': 'O', 'game_active': True, 'players': {'X': '127.0.0.1', 'O': '127.0.0.1'}, 'player_names': {'X': 'Alex1', 'O': 'Alex2'}}
2025-05-15 11:58:53,189 - INFO - Making move - row: 1, col: 0, player: O
2025-05-15 11:58:53,190 - INFO - Move sent to server
2025-05-15 11:58:53,190 - INFO - Received message from ('127.0.0.1', 60131): {'type': 'move', 'row': 1, 'col': 0}
2025-05-15 11:58:53,191 - INFO - Received message: {'type': 'state_update', 'state': {'board': [['O', None, 'X'], ['O', 'X', None], [None, None, None]], 'current_player': 'X', 'game_active': True, 'players': {'X': '127.0.0.1', 'O': '127.0.0.1'}, 'player_names': {'X': 'Alex1', 'O': 'Alex2'}}}
2025-05-15 11:58:53,191 - INFO - Received message: {'type': 'state_update', 'state': {'board': [['O', None, 'X'], ['O', 'X', None], [None, None, None]], 'current_player': 'X', 'game_active': True, 'players': {'X': '127.0.0.1', 'O': '127.0.0.1'}, 'player_names': {'X': 'Alex1', 'O': 'Alex2'}}}
2025-05-15 11:58:53,191 - INFO - Received state update: {'board': [['O', None, 'X'], ['O', 'X', None], [None, None, None]], 'current_player': 'X', 'game_active': True, 'players': {'X': '127.0.0.1', 'O': '127.0.0.1'}, 'player_names': {'X': 'Alex1', 'O': 'Alex2'}}
2025-05-15 11:58:53,191 - INFO - Received state update: {'board': [['O', None, 'X'], ['O', 'X', None], [None, None, None]], 'current_player': 'X', 'game_active': True, 'players': {'X': '127.0.0.1', 'O': '127.0.0.1'}, 'player_names': {'X': 'Alex1', 'O': 'Alex2'}}
2025-05-15 11:58:54,568 - INFO - Making move - row: 2, col: 0, player: X
2025-05-15 11:58:54,569 - INFO - Move sent to server
2025-05-15 11:58:54,569 - INFO - Received message from ('127.0.0.1', 60121): {'type': 'move', 'row': 2, 'col': 0}
2025-05-15 11:58:54,569 - INFO - Received message: {'type': 'state_update', 'state': {'board': [['O', None, 'X'], ['O', 'X', None], ['X', None, None]], 'current_player': 'O', 'game_active': True, 'players': {'X': '127.0.0.1', 'O': '127.0.0.1'}, 'player_names': {'X': 'Alex1', 'O': 'Alex2'}}}
2025-05-15 11:58:54,570 - INFO - Received state update: {'board': [['O', None, 'X'], ['O', 'X', None], ['X', None, None]], 'current_player': 'O', 'game_active': True, 'players': {'X': '127.0.0.1', 'O': '127.0.0.1'}, 'player_names': {'X': 'Alex1', 'O': 'Alex2'}}
2025-05-15 11:58:54,569 - INFO - Received message: {'type': 'state_update', 'state': {'board': [['O', None, 'X'], ['O', 'X', None], ['X', None, None]], 'current_player': 'O', 'game_active': True, 'players': {'X': '127.0.0.1', 'O': '127.0.0.1'}, 'player_names': {'X': 'Alex1', 'O': 'Alex2'}}}
2025-05-15 11:58:54,571 - INFO - Received message: {'type': 'game_end', 'reason': 'Alex1 wins!', 'state': {'board': [['O', None, 'X'], ['O', 'X', None], ['X', None, None]], 'current_player': 'O', 'game_active': False, 'players': {'X': '127.0.0.1', 'O': '127.0.0.1'}, 'player_names': {'X': 'Alex1', 'O': 'Alex2'}}}
2025-05-15 11:58:54,570 - INFO - Received state update: {'board': [['O', None, 'X'], ['O', 'X', None], ['X', None, None]], 'current_player': 'O', 'game_active': True, 'players': {'X': '127.0.0.1', 'O': '127.0.0.1'}, 'player_names': {'X': 'Alex1', 'O': 'Alex2'}}
2025-05-15 11:58:54,571 - INFO - Game ended: Alex1 wins!
2025-05-15 11:58:54,571 - INFO - Received message: {'type': 'game_end', 'reason': 'Alex1 wins!', 'state': {'board': [['O', None, 'X'], ['O', 'X', None], ['X', None, None]], 'current_player': 'O', 'game_active': False, 'players': {'X': '127.0.0.1', 'O': '127.0.0.1'}, 'player_names': {'X': 'Alex1', 'O': 'Alex2'}}}
2025-05-15 11:58:54,572 - INFO - Game ended: Alex1 wins!
2025-05-15 11:58:57,299 - INFO - Received message from ('127.0.0.1', 60121): {'type': 'reset'}
2025-05-15 11:58:57,300 - INFO - Received message: {'type': 'start', 'state': {'board': [[None, None, None], [None, None, None], [None, None, None]], 'current_player': 'X', 'game_active': True, 'players': {'X': '127.0.0.1', 'O': '127.0.0.1'}, 'player_names': {'X': 'Alex1', 'O': 'Alex2'}}}
2025-05-15 11:58:57,300 - INFO - Received message: {'type': 'start', 'state': {'board': [[None, None, None], [None, None, None], [None, None, None]], 'current_player': 'X', 'game_active': True, 'players': {'X': '127.0.0.1', 'O': '127.0.0.1'}, 'player_names': {'X': 'Alex1', 'O': 'Alex2'}}}
2025-05-15 11:58:57,300 - INFO - Game started
2025-05-15 11:58:57,301 - INFO - Game started
2025-05-15 11:59:35,368 - INFO - Initializing main menu
2025-05-15 11:59:35,399 - INFO - Closing game window
2025-05-15 11:59:35,400 - INFO - Closing client connection
2025-05-15 11:59:35,400 - ERROR - Error handling message from ('127.0.0.1', 60121): [WinError 10054] Удаленный хост принудительно разорвал существующее подключение
2025-05-15 11:59:35,400 - ERROR - Error processing message: [WinError 10053] Программа на вашем хост-компьютере разорвала установленное подключение
2025-05-15 11:59:35,401 - INFO - Received message: {'type': 'game_end', 'reason': 'opponent_disconnected', 'state': {'board': [[None, None, None], [None, None, None], [None, None, None]], 'current_player': 'X', 'game_active': False, 'players': {'X': None, 'O': '127.0.0.1'}, 'player_names': {'X': 'Alex1', 'O': 'Alex2'}}}
2025-05-15 11:59:35,402 - INFO - Game ended: opponent_disconnected
2025-05-15 11:59:35,401 - INFO - Game ended: Error: [WinError 10053] Программа на вашем хост-компьютере разорвала установленное подключение
2025-05-15 11:59:36,413 - INFO - Initializing main menu
2025-05-15 11:59:36,450 - INFO - Closing game window
2025-05-15 11:59:36,451 - INFO - Closing client connection
2025-05-15 11:59:36,451 - INFO - Initializing main menu
2025-05-15 11:59:42,147 - INFO - Starting game - Mode: Оффлайн игра, Board size: 3, Player: Player
2025-05-15 11:59:42,147 - INFO - Starting offline game with players: Player vs Player O
2025-05-15 11:59:42,147 - INFO - Initializing game window - Mode: offline, Board size: 3
2025-05-15 11:59:43,084 - INFO - Making move - row: 0, col: 1, player: X
2025-05-15 11:59:43,085 - INFO - Turn switched to O
2025-05-15 11:59:43,461 - INFO - Making move - row: 0, col: 0, player: O
2025-05-15 11:59:43,461 - INFO - Turn switched to X
2025-05-15 11:59:44,285 - INFO - Making move - row: 0, col: 2, player: X
2025-05-15 11:59:44,285 - INFO - Turn switched to O
2025-05-15 11:59:44,679 - INFO - Making move - row: 1, col: 1, player: O
2025-05-15 11:59:44,680 - INFO - Turn switched to X
2025-05-15 11:59:45,663 - INFO - Making move - row: 1, col: 2, player: X
2025-05-15 11:59:45,664 - INFO - Turn switched to O
2025-05-15 11:59:46,488 - INFO - Making move - row: 2, col: 2, player: O
2025-05-15 11:59:46,488 - INFO - Game won by O
2025-05-15 11:59:46,489 - INFO - Game ended: Player O wins!
2025-05-15 11:59:51,246 - INFO - Initializing main menu
2025-05-15 11:59:51,279 - INFO - Closing game window
2025-05-15 11:59:51,279 - INFO - Initializing main menu
2025-05-15 11:59:54,283 - INFO - Starting game - Mode: Оффлайн игра, Board size: 9, Player: Player
2025-05-15 11:59:54,284 - INFO - Starting offline game with players: Player vs Player O
2025-05-15 11:59:54,284 - INFO - Initializing game window - Mode: offline, Board size: 9
2025-05-15 11:59:55,187 - INFO - Making move - row: 3, col: 3, player: X
2025-05-15 11:59:55,188 - INFO - Turn switched to O
2025-05-15 11:59:55,837 - INFO - Making move - row: 1, col: 3, player: O
2025-05-15 11:59:55,838 - INFO - Turn switched to X
2025-05-15 11:59:56,684 - INFO - Making move - row: 1, col: 4, player: X
2025-05-15 11:59:56,685 - INFO - Turn switched to O
2025-05-15 11:59:57,599 - INFO - Making move - row: 3, col: 4, player: O
2025-05-15 11:59:57,600 - INFO - Turn switched to X
2025-05-15 11:59:58,920 - INFO - Making move - row: 3, col: 2, player: X
2025-05-15 11:59:58,921 - INFO - Turn switched to O
2025-05-15 12:00:02,303 - INFO - Making move - row: 4, col: 3, player: O
2025-05-15 12:00:02,303 - INFO - Turn switched to X
2025-05-15 12:00:04,217 - INFO - Making move - row: 2, col: 2, player: X
2025-05-15 12:00:04,217 - INFO - Turn switched to O
2025-05-15 12:00:04,793 - INFO - Making move - row: 2, col: 4, player: O
2025-05-15 12:00:04,794 - INFO - Turn switched to X
2025-05-15 12:00:05,748 - INFO - Making move - row: 4, col: 2, player: X
2025-05-15 12:00:05,749 - INFO - Turn switched to O
2025-05-15 12:00:06,852 - INFO - Making move - row: 3, col: 5, player: O
2025-05-15 12:00:06,853 - INFO - Turn switched to X
2025-05-15 12:00:07,542 - INFO - Making move - row: 5, col: 2, player: X
2025-05-15 12:00:07,543 - INFO - Turn switched to O
2025-05-15 12:00:08,223 - INFO - Making move - row: 4, col: 5, player: O
2025-05-15 12:00:08,224 - INFO - Turn switched to X
2025-05-15 12:00:08,935 - INFO - Making move - row: 6, col: 2, player: X
2025-05-15 12:00:08,936 - INFO - Game won by X
2025-05-15 12:00:08,936 - INFO - Game ended: Player wins!
2025-05-15 12:00:16,443 - INFO - Initializing main menu
2025-05-15 12:00:16,472 - INFO - Closing game window
2025-05-15 12:00:16,473 - INFO - Initializing main menu
2025-05-15 12:00:28,903 - INFO - Starting application
2025-05-15 12:00:28,973 - INFO - Initializing main menu
2025-05-15 12:00:51,070 - INFO - Starting game - Mode: Онлайн - хост, Board size: 9, Player: Serv
2025-05-15 12:00:51,071 - INFO - Starting online game as host
2025-05-15 12:00:51,071 - INFO - Initializing game window - Mode: host, Board size: 9
2025-05-15 12:00:51,076 - INFO - Server started on 0.0.0.0:8765
2025-05-15 12:00:51,087 - INFO - Initializing client with host: localhost
2025-05-15 12:00:51,088 - INFO - Connecting to localhost:8765
2025-05-15 12:00:51,089 - INFO - Connected successfully
2025-05-15 12:00:51,089 - INFO - New connection from ('127.0.0.1', 60281)
2025-05-15 12:00:51,090 - INFO - Successfully connected to server
2025-05-15 12:00:51,090 - INFO - Received message: {'type': 'assign', 'symbol': 'X', 'player_names': {'X': 'Serv', 'O': 'Alex2'}}
2025-05-15 12:00:51,127 - INFO - Assigned symbol: X
2025-05-15 12:00:54,068 - INFO - Starting game - Mode: Онлайн - клиент, Board size: 3, Player: Cli
2025-05-15 12:00:54,069 - INFO - Starting online game as client
2025-05-15 12:00:54,069 - INFO - Initializing game window - Mode: client, Board size: 3
2025-05-15 12:00:54,081 - INFO - Initializing client with host: localhost
2025-05-15 12:00:54,081 - INFO - Connecting to localhost:8765
2025-05-15 12:00:54,086 - INFO - New connection from ('127.0.0.1', 60284)
2025-05-15 12:00:54,087 - INFO - Successfully connected to server
2025-05-15 12:00:54,087 - INFO - Received message: {'type': 'start', 'state': {'board': [[None, None, None], [None, None, None], [None, None, None]], 'current_player': 'X', 'game_active': True, 'players': {'X': '127.0.0.1', 'O': '127.0.0.1'}, 'player_names': {'X': 'Serv', 'O': 'Cli'}}}
2025-05-15 12:00:54,088 - INFO - Game started
2025-05-15 12:00:54,087 - INFO - Received message: {'type': 'assign', 'symbol': 'O', 'player_names': {'X': 'Serv', 'O': 'Cli'}}
2025-05-15 12:00:54,129 - INFO - Assigned symbol: O
2025-05-15 12:00:54,129 - INFO - Connection reset by server
2025-05-15 12:00:54,129 - INFO - Game ended: Connection reset by server
2025-05-15 12:01:05,287 - INFO - Initializing main menu
2025-05-15 12:01:05,319 - INFO - Closing game window
2025-05-15 12:01:05,319 - INFO - Closing client connection
2025-05-15 12:01:05,320 - INFO - Initializing main menu
2025-05-15 12:03:25,093 - INFO - Starting application
2025-05-15 12:03:25,176 - INFO - Initializing main menu
2025-05-15 12:03:27,657 - INFO - Starting application
2025-05-15 12:03:27,733 - INFO - Initializing main menu
2025-05-15 12:03:37,929 - INFO - Starting game - Mode: Онлайн - хост, Board size: 3, Player: Serv
2025-05-15 12:03:37,929 - INFO - Starting online game as host
2025-05-15 12:03:37,947 - INFO - Initializing game window - Mode: host, Board size: 3
2025-05-15 12:03:37,947 - INFO - Server started on 0.0.0.0:8765
2025-05-15 12:03:37,964 - INFO - Initializing client with host: localhost
2025-05-15 12:03:39,998 - ERROR - Connection error: [WinError 10061] Подключение не установлено, т.к. конечный компьютер отверг запрос на подключение
2025-05-15 12:03:40,000 - ERROR - Traceback (most recent call last):
  File "C:\Users\Alex\Desktop\Tic-Tac-Toe\client.py", line 40, in connect
    self.socket.connect((self.host, self.port))
ConnectionRefusedError: [WinError 10061] Подключение не установлено, т.к. конечный компьютер отверг запрос на подключение

2025-05-15 12:03:40,000 - ERROR - Error initializing client: Failed to connect to server
2025-05-15 12:03:40,000 - ERROR - Traceback (most recent call last):
  File "C:\Users\Alex\Desktop\Tic-Tac-Toe\main.py", line 423, in __init__
    raise Exception("Failed to connect to server")
Exception: Failed to connect to server

2025-05-15 12:03:42,551 - INFO - Closing game window
2025-05-15 12:03:42,551 - INFO - Closing client connection
2025-05-15 12:03:42,552 - INFO - Initializing main menu
2025-05-15 12:03:44,990 - INFO - Initializing main menu
2025-05-15 12:03:45,026 - INFO - Closing game window
2025-05-15 12:03:45,027 - INFO - Initializing main menu
2025-05-15 12:03:53,518 - INFO - Starting game - Mode: Онлайн - хост, Board size: 9, Player: Serv
2025-05-15 12:03:53,519 - INFO - Starting online game as host
2025-05-15 12:03:53,520 - INFO - Initializing game window - Mode: host, Board size: 9
2025-05-15 12:03:53,523 - INFO - Server started on 0.0.0.0:8765
2025-05-15 12:03:53,534 - INFO - Initializing client with host: localhost
2025-05-15 12:03:55,583 - ERROR - Connection error: [WinError 10061] Подключение не установлено, т.к. конечный компьютер отверг запрос на подключение
2025-05-15 12:03:55,585 - ERROR - Traceback (most recent call last):
  File "C:\Users\Alex\Desktop\Tic-Tac-Toe\client.py", line 40, in connect
    self.socket.connect((self.host, self.port))
ConnectionRefusedError: [WinError 10061] Подключение не установлено, т.к. конечный компьютер отверг запрос на подключение

2025-05-15 12:03:55,585 - ERROR - Error initializing client: Failed to connect to server
2025-05-15 12:03:55,586 - ERROR - Traceback (most recent call last):
  File "C:\Users\Alex\Desktop\Tic-Tac-Toe\main.py", line 423, in __init__
    raise Exception("Failed to connect to server")
Exception: Failed to connect to server

2025-05-15 12:03:59,008 - INFO - Closing game window
2025-05-15 12:03:59,008 - INFO - Closing client connection
2025-05-15 12:03:59,009 - INFO - Initializing main menu
2025-05-15 12:04:14,201 - INFO - Starting game - Mode: Онлайн - клиент, Board size: 9, Player: Cli
2025-05-15 12:04:14,202 - INFO - Starting online game as client
2025-05-15 12:04:14,203 - INFO - Initializing game window - Mode: client, Board size: 9
2025-05-15 12:04:14,216 - INFO - Initializing client with host: localhost
2025-05-15 12:04:16,267 - ERROR - Connection error: [WinError 10061] Подключение не установлено, т.к. конечный компьютер отверг запрос на подключение
2025-05-15 12:04:16,268 - ERROR - Traceback (most recent call last):
  File "C:\Users\Alex\Desktop\Tic-Tac-Toe\client.py", line 40, in connect
    self.socket.connect((self.host, self.port))
ConnectionRefusedError: [WinError 10061] Подключение не установлено, т.к. конечный компьютер отверг запрос на подключение

2025-05-15 12:04:16,269 - ERROR - Error initializing client: Failed to connect to server
2025-05-15 12:04:16,270 - ERROR - Traceback (most recent call last):
  File "C:\Users\Alex\Desktop\Tic-Tac-Toe\main.py", line 423, in __init__
    raise Exception("Failed to connect to server")
Exception: Failed to connect to server

2025-05-15 12:04:20,433 - INFO - Closing game window
2025-05-15 12:04:20,433 - INFO - Closing client connection
2025-05-15 12:04:20,434 - INFO - Initializing main menu
2025-05-15 12:04:23,893 - INFO - Initializing main menu
2025-05-15 12:04:23,932 - INFO - Closing game window
2025-05-15 12:04:23,932 - INFO - Initializing main menu
2025-05-15 12:04:35,091 - INFO - Closing game window
2025-05-15 12:04:35,091 - INFO - Initializing main menu
2025-05-15 12:06:55,163 - INFO - Starting application
2025-05-15 12:06:55,235 - INFO - Initializing main menu
2025-05-15 12:06:57,995 - INFO - Starting application
2025-05-15 12:06:58,077 - INFO - Initializing main menu
2025-05-15 12:07:09,594 - INFO - Starting game - Mode: Онлайн - хост, Board size: 3, Player: Alex1
2025-05-15 12:07:09,594 - INFO - Starting online game as host
2025-05-15 12:07:09,606 - INFO - Server started on 0.0.0.0:8765
2025-05-15 12:07:10,594 - INFO - Initializing game window - Mode: host, Board size: 3
2025-05-15 12:07:10,594 - INFO - Initializing client with host: localhost
2025-05-15 12:07:10,610 - ERROR - Connection error: 'GameClient' object has no attribute 'send_message'
2025-05-15 12:07:10,610 - INFO - New connection from ('127.0.0.1', 60683)
2025-05-15 12:07:10,611 - ERROR - Traceback (most recent call last):
  File "C:\Users\Alex\Desktop\Tic-Tac-Toe\client.py", line 44, in connect
    self.send_message(
    ^^^^^^^^^^^^^^^^^
AttributeError: 'GameClient' object has no attribute 'send_message'

2025-05-15 12:07:10,612 - ERROR - Error initializing client: Failed to connect to server
2025-05-15 12:07:10,612 - ERROR - Traceback (most recent call last):
  File "C:\Users\Alex\Desktop\Tic-Tac-Toe\main.py", line 436, in __init__
    raise Exception("Failed to connect to server")
Exception: Failed to connect to server

2025-05-15 12:07:13,949 - INFO - Closing game window
2025-05-15 12:07:13,950 - INFO - Closing client connection
2025-05-15 12:07:13,951 - INFO - Initializing main menu
2025-05-15 12:07:25,686 - INFO - Starting game - Mode: Онлайн - клиент, Board size: 3, Player: Alex2
2025-05-15 12:07:25,687 - INFO - Starting online game as client
2025-05-15 12:07:25,687 - INFO - Initializing game window - Mode: client, Board size: 3
2025-05-15 12:07:25,690 - INFO - Initializing client with host: localhost
2025-05-15 12:07:25,692 - ERROR - Connection error: 'GameClient' object has no attribute 'send_message'
2025-05-15 12:07:25,692 - INFO - New connection from ('127.0.0.1', 60693)
2025-05-15 12:07:25,693 - ERROR - Traceback (most recent call last):
  File "C:\Users\Alex\Desktop\Tic-Tac-Toe\client.py", line 44, in connect
    self.send_message(
    ^^^^^^^^^^^^^^^^^
AttributeError: 'GameClient' object has no attribute 'send_message'

2025-05-15 12:07:25,693 - ERROR - Error initializing client: Failed to connect to server
2025-05-15 12:07:25,694 - ERROR - Traceback (most recent call last):
  File "C:\Users\Alex\Desktop\Tic-Tac-Toe\main.py", line 436, in __init__
    raise Exception("Failed to connect to server")
Exception: Failed to connect to server

2025-05-15 12:07:27,354 - INFO - Closing game window
2025-05-15 12:07:27,354 - INFO - Closing client connection
2025-05-15 12:07:27,355 - INFO - Initializing main menu
2025-05-15 12:07:29,981 - INFO - Closing game window
2025-05-15 12:07:29,981 - INFO - Initializing main menu
2025-05-15 12:07:32,278 - INFO - Closing game window
2025-05-15 12:07:32,279 - INFO - Initializing main menu
2025-05-15 12:08:27,287 - INFO - Starting application
2025-05-15 12:08:27,354 - INFO - Initializing main menu
2025-05-15 12:08:29,893 - INFO - Starting application
2025-05-15 12:08:29,964 - INFO - Initializing main menu
2025-05-15 12:08:40,529 - INFO - Starting game - Mode: Онлайн - хост, Board size: 3, Player: Alex1
2025-05-15 12:08:40,529 - INFO - Starting online game as host
2025-05-15 12:08:40,537 - INFO - Initializing game window - Mode: host, Board size: 3
2025-05-15 12:08:40,537 - INFO - Server started on 0.0.0.0:8765
2025-05-15 12:08:40,548 - INFO - Initializing client with host: localhost
2025-05-15 12:08:42,581 - ERROR - Connection error: [WinError 10061] Подключение не установлено, т.к. конечный компьютер отверг запрос на подключение
2025-05-15 12:08:42,583 - ERROR - Traceback (most recent call last):
  File "C:\Users\Alex\Desktop\Tic-Tac-Toe\client.py", line 40, in connect
    self.socket.connect((self.host, self.port))
ConnectionRefusedError: [WinError 10061] Подключение не установлено, т.к. конечный компьютер отверг запрос на подключение

2025-05-15 12:08:42,583 - ERROR - Error initializing client: Failed to connect to server
2025-05-15 12:08:42,583 - ERROR - Traceback (most recent call last):
  File "C:\Users\Alex\Desktop\Tic-Tac-Toe\main.py", line 438, in __init__
    raise Exception("Failed to connect to server")
Exception: Failed to connect to server

2025-05-15 12:08:45,487 - INFO - Closing game window
2025-05-15 12:08:45,487 - INFO - Closing client connection
2025-05-15 12:08:45,488 - INFO - Initializing main menu
2025-05-15 12:08:57,599 - INFO - Starting game - Mode: Онлайн - клиент, Board size: 3, Player: Alex2
2025-05-15 12:08:57,600 - INFO - Starting online game as client
2025-05-15 12:08:57,600 - INFO - Initializing game window - Mode: client, Board size: 3
2025-05-15 12:08:57,603 - INFO - Initializing client with host: localhost
2025-05-15 12:08:59,652 - ERROR - Connection error: [WinError 10061] Подключение не установлено, т.к. конечный компьютер отверг запрос на подключение
2025-05-15 12:08:59,652 - ERROR - Traceback (most recent call last):
  File "C:\Users\Alex\Desktop\Tic-Tac-Toe\client.py", line 40, in connect
    self.socket.connect((self.host, self.port))
ConnectionRefusedError: [WinError 10061] Подключение не установлено, т.к. конечный компьютер отверг запрос на подключение

2025-05-15 12:08:59,653 - ERROR - Error initializing client: Failed to connect to server
2025-05-15 12:08:59,654 - ERROR - Traceback (most recent call last):
  File "C:\Users\Alex\Desktop\Tic-Tac-Toe\main.py", line 438, in __init__
    raise Exception("Failed to connect to server")
Exception: Failed to connect to server

2025-05-15 12:09:01,008 - INFO - Closing game window
2025-05-15 12:09:01,008 - INFO - Closing client connection
2025-05-15 12:09:01,009 - INFO - Initializing main menu
2025-05-15 12:09:03,217 - INFO - Closing game window
2025-05-15 12:09:03,217 - INFO - Initializing main menu
2025-05-15 12:09:04,778 - INFO - Closing game window
2025-05-15 12:09:04,779 - INFO - Initializing main menu
2025-05-15 12:10:38,338 - INFO - Starting application
2025-05-15 12:10:38,414 - INFO - Initializing main menu
2025-05-15 12:10:43,549 - INFO - Starting application
2025-05-15 12:10:43,613 - INFO - Initializing main menu
2025-05-15 12:10:50,785 - INFO - Starting game - Mode: Онлайн - хост, Board size: 3, Player: Player
2025-05-15 12:10:50,785 - INFO - Starting online game as host
2025-05-15 12:10:50,801 - INFO - Initializing game window - Mode: host, Board size: 3
2025-05-15 12:10:50,817 - INFO - Server started on 0.0.0.0:8765
2025-05-15 12:10:50,820 - INFO - Initializing client with host: localhost
2025-05-15 12:10:52,865 - ERROR - Connection error: [WinError 10061] Подключение не установлено, т.к. конечный компьютер отверг запрос на подключение
2025-05-15 12:10:52,865 - ERROR - Traceback (most recent call last):
  File "C:\Users\Alex\Desktop\Tic-Tac-Toe\client.py", line 40, in connect
    self.socket.connect((self.host, self.port))
ConnectionRefusedError: [WinError 10061] Подключение не установлено, т.к. конечный компьютер отверг запрос на подключение

2025-05-15 12:10:52,865 - ERROR - Error initializing client: Failed to connect to server
2025-05-15 12:10:52,865 - ERROR - Traceback (most recent call last):
  File "C:\Users\Alex\Desktop\Tic-Tac-Toe\main.py", line 438, in __init__
    raise Exception("Failed to connect to server")
Exception: Failed to connect to server

2025-05-15 12:15:45,966 - INFO - Starting application
2025-05-15 12:15:46,042 - INFO - Initializing main menu
2025-05-15 12:15:48,710 - INFO - Starting application
2025-05-15 12:15:48,773 - INFO - Initializing main menu
2025-05-15 12:15:56,453 - INFO - Starting game - Mode: Онлайн - хост, Board size: 3, Player: Alex1
2025-05-15 12:15:56,453 - INFO - Starting online game as host
2025-05-15 12:15:56,471 - INFO - Initializing game window - Mode: host, Board size: 3
2025-05-15 12:15:56,475 - INFO - Server started on 0.0.0.0:8765
2025-05-15 12:15:56,481 - INFO - Initializing client with host: localhost
2025-05-15 12:15:56,481 - INFO - Attempting to connect to localhost:5000
2025-05-15 12:15:58,526 - ERROR - Connection refused by server at localhost:5000
2025-05-15 12:15:58,526 - ERROR - Error initializing client: Failed to connect to server
2025-05-15 12:15:58,526 - ERROR - Traceback (most recent call last):
  File "C:\Users\Alex\Desktop\Tic-Tac-Toe\main.py", line 436, in __init__
    raise Exception("Failed to connect to server")
Exception: Failed to connect to server

2025-05-15 12:16:01,726 - INFO - Closing game window
2025-05-15 12:16:01,726 - INFO - Closing client connection
2025-05-15 12:16:01,727 - INFO - Initializing main menu
2025-05-15 12:16:12,716 - INFO - Starting game - Mode: Онлайн - клиент, Board size: 3, Player: Alex2
2025-05-15 12:16:12,717 - INFO - Starting online game as client
2025-05-15 12:16:12,717 - INFO - Initializing game window - Mode: client, Board size: 3
2025-05-15 12:16:12,720 - INFO - Initializing client with host: localhost
2025-05-15 12:16:12,720 - INFO - Attempting to connect to localhost:5000
2025-05-15 12:16:14,770 - ERROR - Connection refused by server at localhost:5000
2025-05-15 12:16:14,771 - ERROR - Error initializing client: Failed to connect to server
2025-05-15 12:16:14,771 - ERROR - Traceback (most recent call last):
  File "C:\Users\Alex\Desktop\Tic-Tac-Toe\main.py", line 436, in __init__
    raise Exception("Failed to connect to server")
Exception: Failed to connect to server

2025-05-15 12:16:16,732 - INFO - Closing game window
2025-05-15 12:16:16,732 - INFO - Closing client connection
2025-05-15 12:16:16,733 - INFO - Initializing main menu
2025-05-15 12:16:18,976 - INFO - Closing game window
2025-05-15 12:16:18,977 - INFO - Initializing main menu
2025-05-15 12:16:19,704 - INFO - Closing game window
2025-05-15 12:16:19,705 - INFO - Initializing main menu
2025-05-15 12:26:12,010 - INFO - Starting application
2025-05-15 12:26:12,083 - INFO - Initializing main menu
2025-05-15 12:26:16,820 - INFO - Starting application
2025-05-15 12:26:16,887 - INFO - Initializing main menu
2025-05-15 12:26:26,161 - INFO - Starting game - Mode: Онлайн - хост, Board size: 3, Player: Alex1
2025-05-15 12:26:26,161 - INFO - Starting online game as host
2025-05-15 12:26:26,174 - INFO - Initializing game window - Mode: host, Board size: 3
2025-05-15 12:26:26,177 - INFO - Server started on 0.0.0.0:8765
2025-05-15 12:26:26,177 - INFO - Initializing client with host: localhost
2025-05-15 12:26:26,177 - INFO - Connecting to localhost:8765
2025-05-15 12:26:26,177 - INFO - Connected successfully
2025-05-15 12:26:26,177 - INFO - New connection from ('127.0.0.1', 61982)
2025-05-15 12:26:26,189 - INFO - Successfully connected to server
2025-05-15 12:26:26,214 - INFO - Received message: {'type': 'assign', 'symbol': 'X'}
2025-05-15 12:26:26,218 - INFO - Assigned symbol: X
2025-05-15 12:26:37,720 - INFO - Starting game - Mode: Онлайн - клиент, Board size: 3, Player: Alex2
2025-05-15 12:26:37,720 - INFO - Starting online game as client
2025-05-15 12:26:37,720 - INFO - Initializing game window - Mode: client, Board size: 3
2025-05-15 12:26:37,731 - INFO - Initializing client with host: localhost
2025-05-15 12:26:37,731 - INFO - Connecting to localhost:8765
2025-05-15 12:26:37,735 - INFO - Connected successfully
2025-05-15 12:26:37,735 - INFO - New connection from ('127.0.0.1', 61991)
2025-05-15 12:26:37,737 - INFO - Successfully connected to server
2025-05-15 12:26:37,737 - INFO - Received message: {'type': 'start', 'state': {'board': [[None, None, None], [None, None, None], [None, None, None]], 'current_player': 'X', 'game_active': True, 'players': {'X': '127.0.0.1', 'O': '127.0.0.1'}}}
2025-05-15 12:26:37,737 - INFO - Game started
2025-05-15 12:26:37,770 - INFO - Received message: {'type': 'assign', 'symbol': 'O'}
2025-05-15 12:26:37,775 - INFO - Assigned symbol: O
2025-05-15 12:26:37,776 - INFO - Received message: {'type': 'start', 'state': {'board': [[None, None, None], [None, None, None], [None, None, None]], 'current_player': 'X', 'game_active': True, 'players': {'X': '127.0.0.1', 'O': '127.0.0.1'}}}
2025-05-15 12:26:37,776 - INFO - Game started
2025-05-15 12:26:40,068 - INFO - Making move - row: 0, col: 0, player: X
2025-05-15 12:26:40,068 - INFO - Move sent to server
2025-05-15 12:26:40,068 - INFO - Received message from ('127.0.0.1', 61982): {'type': 'move', 'row': 0, 'col': 0}
2025-05-15 12:26:40,069 - INFO - Received message: {'type': 'state_update', 'state': {'board': [['X', None, None], [None, None, None], [None, None, None]], 'current_player': 'O', 'game_active': True, 'players': {'X': '127.0.0.1', 'O': '127.0.0.1'}}}
2025-05-15 12:26:40,069 - INFO - Received message: {'type': 'state_update', 'state': {'board': [['X', None, None], [None, None, None], [None, None, None]], 'current_player': 'O', 'game_active': True, 'players': {'X': '127.0.0.1', 'O': '127.0.0.1'}}}
2025-05-15 12:26:40,069 - INFO - Received state update: {'board': [['X', None, None], [None, None, None], [None, None, None]], 'current_player': 'O', 'game_active': True, 'players': {'X': '127.0.0.1', 'O': '127.0.0.1'}}
2025-05-15 12:26:40,070 - INFO - Received state update: {'board': [['X', None, None], [None, None, None], [None, None, None]], 'current_player': 'O', 'game_active': True, 'players': {'X': '127.0.0.1', 'O': '127.0.0.1'}}
2025-05-15 12:26:42,222 - INFO - Making move - row: 0, col: 1, player: O
2025-05-15 12:26:42,222 - INFO - Move sent to server
2025-05-15 12:26:42,222 - INFO - Received message from ('127.0.0.1', 61991): {'type': 'move', 'row': 0, 'col': 1}
2025-05-15 12:26:42,223 - INFO - Received message: {'type': 'state_update', 'state': {'board': [['X', 'O', None], [None, None, None], [None, None, None]], 'current_player': 'X', 'game_active': True, 'players': {'X': '127.0.0.1', 'O': '127.0.0.1'}}}
2025-05-15 12:26:42,223 - INFO - Received state update: {'board': [['X', 'O', None], [None, None, None], [None, None, None]], 'current_player': 'X', 'game_active': True, 'players': {'X': '127.0.0.1', 'O': '127.0.0.1'}}
2025-05-15 12:26:42,224 - INFO - Received state update: {'board': [['X', 'O', None], [None, None, None], [None, None, None]], 'current_player': 'X', 'game_active': True, 'players': {'X': '127.0.0.1', 'O': '127.0.0.1'}}
2025-05-15 12:26:43,190 - INFO - Making move - row: 1, col: 1, player: X
2025-05-15 12:26:43,191 - INFO - Received message from ('127.0.0.1', 61982): {'type': 'move', 'row': 1, 'col': 1}
2025-05-15 12:26:43,191 - INFO - Move sent to server
2025-05-15 12:26:43,191 - INFO - Received message: {'type': 'state_update', 'state': {'board': [['X', 'O', None], [None, 'X', None], [None, None, None]], 'current_player': 'O', 'game_active': True, 'players': {'X': '127.0.0.1', 'O': '127.0.0.1'}}}
2025-05-15 12:26:43,191 - INFO - Received message: {'type': 'state_update', 'state': {'board': [['X', 'O', None], [None, 'X', None], [None, None, None]], 'current_player': 'O', 'game_active': True, 'players': {'X': '127.0.0.1', 'O': '127.0.0.1'}}}
2025-05-15 12:26:43,192 - INFO - Received state update: {'board': [['X', 'O', None], [None, 'X', None], [None, None, None]], 'current_player': 'O', 'game_active': True, 'players': {'X': '127.0.0.1', 'O': '127.0.0.1'}}
2025-05-15 12:26:43,192 - INFO - Received state update: {'board': [['X', 'O', None], [None, 'X', None], [None, None, None]], 'current_player': 'O', 'game_active': True, 'players': {'X': '127.0.0.1', 'O': '127.0.0.1'}}
2025-05-15 12:26:44,023 - INFO - Making move - row: 0, col: 2, player: O
2025-05-15 12:26:44,024 - INFO - Move sent to server
2025-05-15 12:26:44,024 - INFO - Received message from ('127.0.0.1', 61991): {'type': 'move', 'row': 0, 'col': 2}
2025-05-15 12:26:44,024 - INFO - Received message: {'type': 'state_update', 'state': {'board': [['X', 'O', 'O'], [None, 'X', None], [None, None, None]], 'current_player': 'X', 'game_active': True, 'players': {'X': '127.0.0.1', 'O': '127.0.0.1'}}}
2025-05-15 12:26:44,024 - INFO - Received message: {'type': 'state_update', 'state': {'board': [['X', 'O', 'O'], [None, 'X', None], [None, None, None]], 'current_player': 'X', 'game_active': True, 'players': {'X': '127.0.0.1', 'O': '127.0.0.1'}}}
2025-05-15 12:26:44,024 - INFO - Received state update: {'board': [['X', 'O', 'O'], [None, 'X', None], [None, None, None]], 'current_player': 'X', 'game_active': True, 'players': {'X': '127.0.0.1', 'O': '127.0.0.1'}}
2025-05-15 12:26:44,025 - INFO - Received state update: {'board': [['X', 'O', 'O'], [None, 'X', None], [None, None, None]], 'current_player': 'X', 'game_active': True, 'players': {'X': '127.0.0.1', 'O': '127.0.0.1'}}
2025-05-15 12:26:44,691 - INFO - Making move - row: 2, col: 2, player: X
2025-05-15 12:26:44,692 - INFO - Move sent to server
2025-05-15 12:26:44,692 - INFO - Received message from ('127.0.0.1', 61982): {'type': 'move', 'row': 2, 'col': 2}
2025-05-15 12:26:44,693 - INFO - Received message: {'type': 'state_update', 'state': {'board': [['X', 'O', 'O'], [None, 'X', None], [None, None, 'X']], 'current_player': 'O', 'game_active': True, 'players': {'X': '127.0.0.1', 'O': '127.0.0.1'}}}
2025-05-15 12:26:44,693 - INFO - Received message: {'type': 'state_update', 'state': {'board': [['X', 'O', 'O'], [None, 'X', None], [None, None, 'X']], 'current_player': 'O', 'game_active': True, 'players': {'X': '127.0.0.1', 'O': '127.0.0.1'}}}
2025-05-15 12:26:44,694 - INFO - Received state update: {'board': [['X', 'O', 'O'], [None, 'X', None], [None, None, 'X']], 'current_player': 'O', 'game_active': True, 'players': {'X': '127.0.0.1', 'O': '127.0.0.1'}}
2025-05-15 12:26:44,694 - INFO - Received message: {'type': 'game_end', 'reason': 'X wins', 'state': {'board': [['X', 'O', 'O'], [None, 'X', None], [None, None, 'X']], 'current_player': 'O', 'game_active': False, 'players': {'X': '127.0.0.1', 'O': '127.0.0.1'}}}
2025-05-15 12:26:44,694 - INFO - Received message: {'type': 'game_end', 'reason': 'X wins', 'state': {'board': [['X', 'O', 'O'], [None, 'X', None], [None, None, 'X']], 'current_player': 'O', 'game_active': False, 'players': {'X': '127.0.0.1', 'O': '127.0.0.1'}}}
2025-05-15 12:26:44,695 - INFO - Game ended: X wins
2025-05-15 12:26:44,695 - INFO - Game ended: X wins
2025-05-15 12:26:44,695 - INFO - Updating button at 0,0 with X
2025-05-15 12:26:44,695 - INFO - Updating button at 0,0 with X
2025-05-15 12:26:44,695 - INFO - Updating button at 0,1 with O
2025-05-15 12:26:44,695 - INFO - Updating button at 0,1 with O
2025-05-15 12:26:44,695 - INFO - Updating button at 0,2 with O
2025-05-15 12:26:44,696 - INFO - Updating button at 0,2 with O
2025-05-15 12:26:44,696 - INFO - Updating button at 1,0 with None
2025-05-15 12:26:44,696 - INFO - Updating button at 1,0 with None
2025-05-15 12:26:44,696 - INFO - Updating button at 1,1 with X
2025-05-15 12:26:44,696 - INFO - Updating button at 1,1 with X
2025-05-15 12:26:44,697 - INFO - Updating button at 1,2 with None
2025-05-15 12:26:44,697 - INFO - Updating button at 2,0 with None
2025-05-15 12:26:44,697 - INFO - Updating button at 2,0 with None
2025-05-15 12:26:44,697 - INFO - Updating button at 2,1 with None
2025-05-15 12:26:44,697 - INFO - Updating button at 2,1 with None
2025-05-15 12:26:44,697 - INFO - Updating button at 2,2 with X
2025-05-15 12:26:44,698 - INFO - Updating button at 2,2 with X
2025-05-15 12:26:45,626 - INFO - Received message from ('127.0.0.1', 61991): {'type': 'reset'}
2025-05-15 12:26:45,626 - INFO - Received message: {'type': 'start', 'state': {'board': [[None, None, None], [None, None, None], [None, None, None]], 'current_player': 'X', 'game_active': True, 'players': {'X': '127.0.0.1', 'O': '127.0.0.1'}}}
2025-05-15 12:26:45,627 - INFO - Received message: {'type': 'start', 'state': {'board': [[None, None, None], [None, None, None], [None, None, None]], 'current_player': 'X', 'game_active': True, 'players': {'X': '127.0.0.1', 'O': '127.0.0.1'}}}
2025-05-15 12:26:45,627 - INFO - Game started
2025-05-15 12:26:45,627 - INFO - Game started
2025-05-15 12:26:47,060 - INFO - Making move - row: 0, col: 1, player: X
2025-05-15 12:26:47,060 - INFO - Move sent to server
2025-05-15 12:26:47,060 - INFO - Received message from ('127.0.0.1', 61982): {'type': 'move', 'row': 0, 'col': 1}
2025-05-15 12:26:47,061 - INFO - Received message: {'type': 'state_update', 'state': {'board': [[None, 'X', None], [None, None, None], [None, None, None]], 'current_player': 'O', 'game_active': True, 'players': {'X': '127.0.0.1', 'O': '127.0.0.1'}}}
2025-05-15 12:26:47,061 - INFO - Received message: {'type': 'state_update', 'state': {'board': [[None, 'X', None], [None, None, None], [None, None, None]], 'current_player': 'O', 'game_active': True, 'players': {'X': '127.0.0.1', 'O': '127.0.0.1'}}}
2025-05-15 12:26:47,061 - INFO - Received state update: {'board': [[None, 'X', None], [None, None, None], [None, None, None]], 'current_player': 'O', 'game_active': True, 'players': {'X': '127.0.0.1', 'O': '127.0.0.1'}}
2025-05-15 12:26:47,061 - INFO - Received state update: {'board': [[None, 'X', None], [None, None, None], [None, None, None]], 'current_player': 'O', 'game_active': True, 'players': {'X': '127.0.0.1', 'O': '127.0.0.1'}}
2025-05-15 12:26:48,605 - INFO - Making move - row: 1, col: 1, player: O
2025-05-15 12:26:48,606 - INFO - Move sent to server
2025-05-15 12:26:48,606 - INFO - Received message from ('127.0.0.1', 61991): {'type': 'move', 'row': 1, 'col': 1}
2025-05-15 12:26:48,606 - INFO - Received message: {'type': 'state_update', 'state': {'board': [[None, 'X', None], [None, 'O', None], [None, None, None]], 'current_player': 'X', 'game_active': True, 'players': {'X': '127.0.0.1', 'O': '127.0.0.1'}}}
2025-05-15 12:26:48,606 - INFO - Received message: {'type': 'state_update', 'state': {'board': [[None, 'X', None], [None, 'O', None], [None, None, None]], 'current_player': 'X', 'game_active': True, 'players': {'X': '127.0.0.1', 'O': '127.0.0.1'}}}
2025-05-15 12:26:48,607 - INFO - Received state update: {'board': [[None, 'X', None], [None, 'O', None], [None, None, None]], 'current_player': 'X', 'game_active': True, 'players': {'X': '127.0.0.1', 'O': '127.0.0.1'}}
2025-05-15 12:26:48,607 - INFO - Received state update: {'board': [[None, 'X', None], [None, 'O', None], [None, None, None]], 'current_player': 'X', 'game_active': True, 'players': {'X': '127.0.0.1', 'O': '127.0.0.1'}}
2025-05-15 12:26:49,679 - INFO - Making move - row: 0, col: 0, player: X
2025-05-15 12:26:49,680 - INFO - Move sent to server
2025-05-15 12:26:49,680 - INFO - Received message from ('127.0.0.1', 61982): {'type': 'move', 'row': 0, 'col': 0}
2025-05-15 12:26:49,680 - INFO - Received message: {'type': 'state_update', 'state': {'board': [['X', 'X', None], [None, 'O', None], [None, None, None]], 'current_player': 'O', 'game_active': True, 'players': {'X': '127.0.0.1', 'O': '127.0.0.1'}}}
2025-05-15 12:26:49,680 - INFO - Received message: {'type': 'state_update', 'state': {'board': [['X', 'X', None], [None, 'O', None], [None, None, None]], 'current_player': 'O', 'game_active': True, 'players': {'X': '127.0.0.1', 'O': '127.0.0.1'}}}
2025-05-15 12:26:49,680 - INFO - Received state update: {'board': [['X', 'X', None], [None, 'O', None], [None, None, None]], 'current_player': 'O', 'game_active': True, 'players': {'X': '127.0.0.1', 'O': '127.0.0.1'}}
2025-05-15 12:26:49,680 - INFO - Received state update: {'board': [['X', 'X', None], [None, 'O', None], [None, None, None]], 'current_player': 'O', 'game_active': True, 'players': {'X': '127.0.0.1', 'O': '127.0.0.1'}}
2025-05-15 12:26:50,675 - INFO - Making move - row: 0, col: 2, player: O
2025-05-15 12:26:50,676 - INFO - Move sent to server
2025-05-15 12:26:50,676 - INFO - Received message from ('127.0.0.1', 61991): {'type': 'move', 'row': 0, 'col': 2}
2025-05-15 12:26:50,676 - INFO - Received message: {'type': 'state_update', 'state': {'board': [['X', 'X', 'O'], [None, 'O', None], [None, None, None]], 'current_player': 'X', 'game_active': True, 'players': {'X': '127.0.0.1', 'O': '127.0.0.1'}}}
2025-05-15 12:26:50,676 - INFO - Received message: {'type': 'state_update', 'state': {'board': [['X', 'X', 'O'], [None, 'O', None], [None, None, None]], 'current_player': 'X', 'game_active': True, 'players': {'X': '127.0.0.1', 'O': '127.0.0.1'}}}
2025-05-15 12:26:50,676 - INFO - Received state update: {'board': [['X', 'X', 'O'], [None, 'O', None], [None, None, None]], 'current_player': 'X', 'game_active': True, 'players': {'X': '127.0.0.1', 'O': '127.0.0.1'}}
2025-05-15 12:26:50,677 - INFO - Received state update: {'board': [['X', 'X', 'O'], [None, 'O', None], [None, None, None]], 'current_player': 'X', 'game_active': True, 'players': {'X': '127.0.0.1', 'O': '127.0.0.1'}}
2025-05-15 12:26:51,730 - INFO - Making move - row: 1, col: 2, player: X
2025-05-15 12:26:51,731 - INFO - Move sent to server
2025-05-15 12:26:51,731 - INFO - Received message from ('127.0.0.1', 61982): {'type': 'move', 'row': 1, 'col': 2}
2025-05-15 12:26:51,732 - INFO - Received message: {'type': 'state_update', 'state': {'board': [['X', 'X', 'O'], [None, 'O', 'X'], [None, None, None]], 'current_player': 'O', 'game_active': True, 'players': {'X': '127.0.0.1', 'O': '127.0.0.1'}}}
2025-05-15 12:26:51,732 - INFO - Received message: {'type': 'state_update', 'state': {'board': [['X', 'X', 'O'], [None, 'O', 'X'], [None, None, None]], 'current_player': 'O', 'game_active': True, 'players': {'X': '127.0.0.1', 'O': '127.0.0.1'}}}
2025-05-15 12:26:51,732 - INFO - Received state update: {'board': [['X', 'X', 'O'], [None, 'O', 'X'], [None, None, None]], 'current_player': 'O', 'game_active': True, 'players': {'X': '127.0.0.1', 'O': '127.0.0.1'}}
2025-05-15 12:26:51,732 - INFO - Received state update: {'board': [['X', 'X', 'O'], [None, 'O', 'X'], [None, None, None]], 'current_player': 'O', 'game_active': True, 'players': {'X': '127.0.0.1', 'O': '127.0.0.1'}}
2025-05-15 12:26:54,625 - INFO - Making move - row: 2, col: 0, player: O
2025-05-15 12:26:54,625 - INFO - Move sent to server
2025-05-15 12:26:54,625 - INFO - Received message from ('127.0.0.1', 61991): {'type': 'move', 'row': 2, 'col': 0}
2025-05-15 12:26:54,626 - INFO - Received message: {'type': 'state_update', 'state': {'board': [['X', 'X', 'O'], [None, 'O', 'X'], ['O', None, None]], 'current_player': 'X', 'game_active': True, 'players': {'X': '127.0.0.1', 'O': '127.0.0.1'}}}
2025-05-15 12:26:54,626 - INFO - Received state update: {'board': [['X', 'X', 'O'], [None, 'O', 'X'], ['O', None, None]], 'current_player': 'X', 'game_active': True, 'players': {'X': '127.0.0.1', 'O': '127.0.0.1'}}
2025-05-15 12:26:54,626 - INFO - Received message: {'type': 'state_update', 'state': {'board': [['X', 'X', 'O'], [None, 'O', 'X'], ['O', None, None]], 'current_player': 'X', 'game_active': True, 'players': {'X': '127.0.0.1', 'O': '127.0.0.1'}}}
2025-05-15 12:26:54,626 - INFO - Received state update: {'board': [['X', 'X', 'O'], [None, 'O', 'X'], ['O', None, None]], 'current_player': 'X', 'game_active': True, 'players': {'X': '127.0.0.1', 'O': '127.0.0.1'}}
2025-05-15 12:26:54,627 - INFO - Received message: {'type': 'game_end', 'reason': 'O wins', 'state': {'board': [['X', 'X', 'O'], [None, 'O', 'X'], ['O', None, None]], 'current_player': 'X', 'game_active': False, 'players': {'X': '127.0.0.1', 'O': '127.0.0.1'}}}
2025-05-15 12:26:54,627 - INFO - Received message: {'type': 'game_end', 'reason': 'O wins', 'state': {'board': [['X', 'X', 'O'], [None, 'O', 'X'], ['O', None, None]], 'current_player': 'X', 'game_active': False, 'players': {'X': '127.0.0.1', 'O': '127.0.0.1'}}}
2025-05-15 12:26:54,628 - INFO - Game ended: O wins
2025-05-15 12:26:54,628 - INFO - Updating button at 0,0 with X
2025-05-15 12:26:54,628 - INFO - Updating button at 0,1 with X
2025-05-15 12:26:54,629 - INFO - Updating button at 0,2 with O
2025-05-15 12:26:54,629 - INFO - Updating button at 1,0 with None
2025-05-15 12:26:54,628 - INFO - Updating button at 0,0 with X
2025-05-15 12:26:54,629 - INFO - Updating button at 1,1 with O
2025-05-15 12:26:54,629 - INFO - Updating button at 1,2 with X
2025-05-15 12:26:54,630 - INFO - Updating button at 2,0 with O
2025-05-15 12:26:54,630 - INFO - Updating button at 2,1 with None
2025-05-15 12:26:54,630 - INFO - Updating button at 1,1 with O
2025-05-15 12:26:54,630 - INFO - Updating button at 2,2 with None
2025-05-15 12:26:54,631 - INFO - Updating button at 1,2 with X
2025-05-15 12:26:54,631 - INFO - Updating button at 2,0 with O
2025-05-15 12:26:54,631 - INFO - Updating button at 2,1 with None
2025-05-15 12:26:54,632 - INFO - Updating button at 2,2 with None
2025-05-15 12:27:01,229 - INFO - Initializing main menu
2025-05-15 12:27:01,262 - INFO - Closing game window
2025-05-15 12:27:01,263 - INFO - Closing client connection
2025-05-15 12:27:01,264 - ERROR - Error handling message from ('127.0.0.1', 61991): [WinError 10054] Удаленный хост принудительно разорвал существующее подключение
2025-05-15 12:27:01,264 - INFO - Received message: {'type': 'game_end', 'reason': 'opponent_disconnected', 'state': {'board': [['X', 'X', 'O'], [None, 'O', 'X'], ['O', None, None]], 'current_player': 'X', 'game_active': False, 'players': {'X': '127.0.0.1', 'O': None}}}
2025-05-15 12:27:01,265 - INFO - Game ended: opponent_disconnected
2025-05-15 12:27:01,265 - INFO - Updating button at 0,0 with X
2025-05-15 12:27:01,266 - INFO - Updating button at 0,1 with X
2025-05-15 12:27:01,266 - INFO - Updating button at 0,2 with O
2025-05-15 12:27:01,267 - INFO - Updating button at 1,0 with None
2025-05-15 12:27:01,267 - INFO - Updating button at 1,1 with O
2025-05-15 12:27:01,267 - INFO - Updating button at 1,2 with X
2025-05-15 12:27:01,268 - INFO - Updating button at 2,0 with O
2025-05-15 12:27:01,268 - INFO - Updating button at 2,1 with None
2025-05-15 12:27:01,269 - INFO - Updating button at 2,2 with None
2025-05-15 12:27:01,264 - ERROR - Error processing message: [WinError 10053] Программа на вашем хост-компьютере разорвала установленное подключение
2025-05-15 12:27:02,127 - INFO - Initializing main menu
2025-05-15 12:27:02,159 - INFO - Closing game window
2025-05-15 12:27:02,159 - INFO - Closing client connection
2025-05-15 12:27:02,160 - ERROR - Error handling message from ('127.0.0.1', 61982): [WinError 10054] Удаленный хост принудительно разорвал существующее подключение
2025-05-15 12:27:02,167 - ERROR - Error processing message: [WinError 10053] Программа на вашем хост-компьютере разорвала установленное подключение
